AS_x-6	AS_x-5	AS_x-4	AS_x-3	AS_x-2	AS_x-1	AS_x	AS_x+1	AS_x+2	AS_x+3	AS_x+4	AS_x+5	AS_x+6	SecondaryStructure
?	?	?	?	?	?	?	?	?	?	?	?	?	L
?	?	?	?	?	?	?	?	?	?	?	?	?	L
?	?	?	?	?	?	?	?	?	?	?	?	?	L
?	?	?	?	?	?	?	?	?	?	?	?	?	L
?	?	?	?	?	?	?	?	?	?	?	?	P	L
?	?	?	?	?	?	?	?	?	?	?	P	K	L
?	?	?	?	?	?	?	?	?	?	P	K	G	L
?	?	?	?	?	?	?	?	?	P	K	G	R	L
?	?	?	?	?	?	?	?	P	K	G	R	V	L
?	?	?	?	?	?	?	P	K	G	R	V	L	L
?	?	?	?	?	?	P	K	G	R	V	L	L	L
?	?	?	?	?	P	K	G	R	V	L	L	V	L
?	?	?	?	P	K	G	R	V	L	L	V	D	L
?	?	?	P	K	G	R	V	L	L	V	D	G	S
?	?	P	K	G	R	V	L	L	V	D	G	H	S
?	P	K	G	R	V	L	L	V	D	G	H	H	S
P	K	G	R	V	L	L	V	D	G	H	H	L	S
K	G	R	V	L	L	V	D	G	H	H	L	A	S
G	R	V	L	L	V	D	G	H	H	L	A	Y	S
R	V	L	L	V	D	G	H	H	L	A	Y	R	H
V	L	L	V	D	G	H	H	L	A	Y	R	T	H
L	L	V	D	G	H	H	L	A	Y	R	T	F	H
L	V	D	G	H	H	L	A	Y	R	T	F	H	H
V	D	G	H	H	L	A	Y	R	T	F	H	A	H
D	G	H	H	L	A	Y	R	T	F	H	A	L	H
G	H	H	L	A	Y	R	T	F	H	A	L	K	H
H	H	L	A	Y	R	T	F	H	A	L	K	G	H
H	L	A	Y	R	T	F	H	A	L	K	G	L	H
L	A	Y	R	T	F	H	A	L	K	G	L	T	H
A	Y	R	T	F	H	A	L	K	G	L	T	T	L
Y	R	T	F	H	A	L	K	G	L	T	T	S	L
R	T	F	H	A	L	K	G	L	T	T	S	R	L
T	F	H	A	L	K	G	L	T	T	S	R	G	L
F	H	A	L	K	G	L	T	T	S	R	G	E	L
H	A	L	K	G	L	T	T	S	R	G	E	P	L
A	L	K	G	L	T	T	S	R	G	E	P	V	L
L	K	G	L	T	T	S	R	G	E	P	V	Q	L
K	G	L	T	T	S	R	G	E	P	V	Q	A	L
G	L	T	T	S	R	G	E	P	V	Q	A	V	L
L	T	T	S	R	G	E	P	V	Q	A	V	Y	L
T	T	S	R	G	E	P	V	Q	A	V	Y	G	L
T	S	R	G	E	P	V	Q	A	V	Y	G	F	L
S	R	G	E	P	V	Q	A	V	Y	G	F	A	H
R	G	E	P	V	Q	A	V	Y	G	F	A	K	H
G	E	P	V	Q	A	V	Y	G	F	A	K	S	H
E	P	V	Q	A	V	Y	G	F	A	K	S	L	H
P	V	Q	A	V	Y	G	F	A	K	S	L	L	H
V	Q	A	V	Y	G	F	A	K	S	L	L	K	H
Q	A	V	Y	G	F	A	K	S	L	L	K	A	H
A	V	Y	G	F	A	K	S	L	L	K	A	L	H
V	Y	G	F	A	K	S	L	L	K	A	L	K	H
Y	G	F	A	K	S	L	L	K	A	L	K	E	H
G	F	A	K	S	L	L	K	A	L	K	E	D	H
F	A	K	S	L	L	K	A	L	K	E	D	G	H
A	K	S	L	L	K	A	L	K	E	D	G	D	H
K	S	L	L	K	A	L	K	E	D	G	D	A	H
S	L	L	K	A	L	K	E	D	G	D	A	V	H
L	L	K	A	L	K	E	D	G	D	A	V	I	H
L	K	A	L	K	E	D	G	D	A	V	I	V	L
K	A	L	K	E	D	G	D	A	V	I	V	V	L
A	L	K	E	D	G	D	A	V	I	V	V	F	L
L	K	E	D	G	D	A	V	I	V	V	F	D	S
K	E	D	G	D	A	V	I	V	V	F	D	A	S
E	D	G	D	A	V	I	V	V	F	D	A	R	S
D	G	D	A	V	I	V	V	F	D	A	R	A	S
G	D	A	V	I	V	V	F	D	A	R	A	P	S
D	A	V	I	V	V	F	D	A	R	A	P	T	L
A	V	I	V	V	F	D	A	R	A	P	T	P	L
V	I	V	V	F	D	A	R	A	P	T	P	E	L
I	V	V	F	D	A	R	A	P	T	P	E	D	L
V	V	F	D	A	R	A	P	T	P	E	D	F	L
V	F	D	A	R	A	P	T	P	E	D	F	P	L
F	D	A	R	A	P	T	P	E	D	F	P	R	L
D	A	R	A	P	T	P	E	D	F	P	R	Q	L
A	R	A	P	T	P	E	D	F	P	R	Q	L	L
R	A	P	T	P	E	D	F	P	R	Q	L	A	L
A	P	T	P	E	D	F	P	R	Q	L	A	L	H
P	T	P	E	D	F	P	R	Q	L	A	L	I	H
T	P	E	D	F	P	R	Q	L	A	L	I	K	H
P	E	D	F	P	R	Q	L	A	L	I	K	E	H
E	D	F	P	R	Q	L	A	L	I	K	E	L	H
D	F	P	R	Q	L	A	L	I	K	E	L	V	H
F	P	R	Q	L	A	L	I	K	E	L	V	D	H
P	R	Q	L	A	L	I	K	E	L	V	D	L	H
R	Q	L	A	L	I	K	E	L	V	D	L	L	H
Q	L	A	L	I	K	E	L	V	D	L	L	G	H
L	A	L	I	K	E	L	V	D	L	L	G	L	H
A	L	I	K	E	L	V	D	L	L	G	L	A	H
L	I	K	E	L	V	D	L	L	G	L	A	R	H
I	K	E	L	V	D	L	L	G	L	A	R	L	H
K	E	L	V	D	L	L	G	L	A	R	L	E	L
E	L	V	D	L	L	G	L	A	R	L	E	V	L
L	V	D	L	L	G	L	A	R	L	E	V	P	L
V	D	L	L	G	L	A	R	L	E	V	P	G	S
D	L	L	G	L	A	R	L	E	V	P	G	Y	S
L	L	G	L	A	R	L	E	V	P	G	Y	E	S
L	G	L	A	R	L	E	V	P	G	Y	E	A	L
G	L	A	R	L	E	V	P	G	Y	E	A	D	L
L	A	R	L	E	V	P	G	Y	E	A	D	D	L
A	R	L	E	V	P	G	Y	E	A	D	D	V	L
R	L	E	V	P	G	Y	E	A	D	D	V	L	L
L	E	V	P	G	Y	E	A	D	D	V	L	A	L
E	V	P	G	Y	E	A	D	D	V	L	A	S	H
V	P	G	Y	E	A	D	D	V	L	A	S	L	H
P	G	Y	E	A	D	D	V	L	A	S	L	A	H
G	Y	E	A	D	D	V	L	A	S	L	A	K	H
Y	E	A	D	D	V	L	A	S	L	A	K	K	H
E	A	D	D	V	L	A	S	L	A	K	K	A	H
A	D	D	V	L	A	S	L	A	K	K	A	E	H
D	D	V	L	A	S	L	A	K	K	A	E	K	H
D	V	L	A	S	L	A	K	K	A	E	K	E	H
V	L	A	S	L	A	K	K	A	E	K	E	G	H
L	A	S	L	A	K	K	A	E	K	E	G	Y	H
A	S	L	A	K	K	A	E	K	E	G	Y	E	H
S	L	A	K	K	A	E	K	E	G	Y	E	V	H
L	A	K	K	A	E	K	E	G	Y	E	V	R	H
A	K	K	A	E	K	E	G	Y	E	V	R	I	L
K	K	A	E	K	E	G	Y	E	V	R	I	L	L
K	A	E	K	E	G	Y	E	V	R	I	L	T	L
A	E	K	E	G	Y	E	V	R	I	L	T	A	S
E	K	E	G	Y	E	V	R	I	L	T	A	D	S
K	E	G	Y	E	V	R	I	L	T	A	D	K	S
E	G	Y	E	V	R	I	L	T	A	D	K	D	S
G	Y	E	V	R	I	L	T	A	D	K	D	L	S
Y	E	V	R	I	L	T	A	D	K	D	L	Y	L
E	V	R	I	L	T	A	D	K	D	L	Y	Q	L
V	R	I	L	T	A	D	K	D	L	Y	Q	L	L
R	I	L	T	A	D	K	D	L	Y	Q	L	L	H
I	L	T	A	D	K	D	L	Y	Q	L	L	S	H
L	T	A	D	K	D	L	Y	Q	L	L	S	D	H
T	A	D	K	D	L	Y	Q	L	L	S	D	R	H
A	D	K	D	L	Y	Q	L	L	S	D	R	I	H
D	K	D	L	Y	Q	L	L	S	D	R	I	H	L
K	D	L	Y	Q	L	L	S	D	R	I	H	V	L
D	L	Y	Q	L	L	S	D	R	I	H	V	L	L
L	Y	Q	L	L	S	D	R	I	H	V	L	H	L
Y	Q	L	L	S	D	R	I	H	V	L	H	P	L
Q	L	L	S	D	R	I	H	V	L	H	P	E	S
L	L	S	D	R	I	H	V	L	H	P	E	G	S
L	S	D	R	I	H	V	L	H	P	E	G	Y	S
S	D	R	I	H	V	L	H	P	E	G	Y	L	S
D	R	I	H	V	L	H	P	E	G	Y	L	I	L
R	I	H	V	L	H	P	E	G	Y	L	I	T	L
I	H	V	L	H	P	E	G	Y	L	I	T	P	L
H	V	L	H	P	E	G	Y	L	I	T	P	A	L
V	L	H	P	E	G	Y	L	I	T	P	A	W	L
L	H	P	E	G	Y	L	I	T	P	A	W	L	L
H	P	E	G	Y	L	I	T	P	A	W	L	W	L
P	E	G	Y	L	I	T	P	A	W	L	W	E	L
E	G	Y	L	I	T	P	A	W	L	W	E	K	H
G	Y	L	I	T	P	A	W	L	W	E	K	Y	H
Y	L	I	T	P	A	W	L	W	E	K	Y	G	H
L	I	T	P	A	W	L	W	E	K	Y	G	L	H
I	T	P	A	W	L	W	E	K	Y	G	L	R	H
T	P	A	W	L	W	E	K	Y	G	L	R	P	H
P	A	W	L	W	E	K	Y	G	L	R	P	D	H
A	W	L	W	E	K	Y	G	L	R	P	D	Q	L
W	L	W	E	K	Y	G	L	R	P	D	Q	W	L
L	W	E	K	Y	G	L	R	P	D	Q	W	A	L
W	E	K	Y	G	L	R	P	D	Q	W	A	D	L
E	K	Y	G	L	R	P	D	Q	W	A	D	Y	H
K	Y	G	L	R	P	D	Q	W	A	D	Y	R	H
Y	G	L	R	P	D	Q	W	A	D	Y	R	A	H
G	L	R	P	D	Q	W	A	D	Y	R	A	L	H
L	R	P	D	Q	W	A	D	Y	R	A	L	T	H
R	P	D	Q	W	A	D	Y	R	A	L	T	G	H
P	D	Q	W	A	D	Y	R	A	L	T	G	D	H
D	Q	W	A	D	Y	R	A	L	T	G	D	E	H
Q	W	A	D	Y	R	A	L	T	G	D	E	S	H
W	A	D	Y	R	A	L	T	G	D	E	S	D	L
A	D	Y	R	A	L	T	G	D	E	S	D	N	L
D	Y	R	A	L	T	G	D	E	S	D	N	L	L
Y	R	A	L	T	G	D	E	S	D	N	L	P	L
R	A	L	T	G	D	E	S	D	N	L	P	G	L
A	L	T	G	D	E	S	D	N	L	P	G	V	L
L	T	G	D	E	S	D	N	L	P	G	V	K	L
T	G	D	E	S	D	N	L	P	G	V	K	G	L
G	D	E	S	D	N	L	P	G	V	K	G	I	L
D	E	S	D	N	L	P	G	V	K	G	I	G	L
E	S	D	N	L	P	G	V	K	G	I	G	E	L
S	D	N	L	P	G	V	K	G	I	G	E	K	L
D	N	L	P	G	V	K	G	I	G	E	K	T	L
N	L	P	G	V	K	G	I	G	E	K	T	A	L
L	P	G	V	K	G	I	G	E	K	T	A	R	L
P	G	V	K	G	I	G	E	K	T	A	R	K	L
G	V	K	G	I	G	E	K	T	A	R	K	L	L
V	K	G	I	G	E	K	T	A	R	K	L	L	L
K	G	I	G	E	K	T	A	R	K	L	L	E	L
G	I	G	E	K	T	A	R	K	L	L	E	E	L
I	G	E	K	T	A	R	K	L	L	E	E	W	L
G	E	K	T	A	R	K	L	L	E	E	W	G	L
E	K	T	A	R	K	L	L	E	E	W	G	S	L
K	T	A	R	K	L	L	E	E	W	G	S	L	H
T	A	R	K	L	L	E	E	W	G	S	L	E	H
A	R	K	L	L	E	E	W	G	S	L	E	A	H
R	K	L	L	E	E	W	G	S	L	E	A	L	H
K	L	L	E	E	W	G	S	L	E	A	L	L	L
L	L	E	E	W	G	S	L	E	A	L	L	K	L
L	E	E	W	G	S	L	E	A	L	L	K	N	L
E	E	W	G	S	L	E	A	L	L	K	N	L	L
E	W	G	S	L	E	A	L	L	K	N	L	D	L
W	G	S	L	E	A	L	L	K	N	L	D	R	L
G	S	L	E	A	L	L	K	N	L	D	R	L	L
S	L	E	A	L	L	K	N	L	D	R	L	K	L
L	E	A	L	L	K	N	L	D	R	L	K	P	L
E	A	L	L	K	N	L	D	R	L	K	P	A	L
A	L	L	K	N	L	D	R	L	K	P	A	I	L
L	L	K	N	L	D	R	L	K	P	A	I	R	L
L	K	N	L	D	R	L	K	P	A	I	R	E	L
K	N	L	D	R	L	K	P	A	I	R	E	K	L
N	L	D	R	L	K	P	A	I	R	E	K	I	L
L	D	R	L	K	P	A	I	R	E	K	I	L	L
D	R	L	K	P	A	I	R	E	K	I	L	A	L
R	L	K	P	A	I	R	E	K	I	L	A	H	L
L	K	P	A	I	R	E	K	I	L	A	H	M	H
K	P	A	I	R	E	K	I	L	A	H	M	D	H
P	A	I	R	E	K	I	L	A	H	M	D	D	H
A	I	R	E	K	I	L	A	H	M	D	D	L	H
I	R	E	K	I	L	A	H	M	D	D	L	K	L
R	E	K	I	L	A	H	M	D	D	L	K	L	L
E	K	I	L	A	H	M	D	D	L	K	L	S	L
K	I	L	A	H	M	D	D	L	K	L	S	W	L
I	L	A	H	M	D	D	L	K	L	S	W	D	H
L	A	H	M	D	D	L	K	L	S	W	D	L	H
A	H	M	D	D	L	K	L	S	W	D	L	A	H
H	M	D	D	L	K	L	S	W	D	L	A	K	H
M	D	D	L	K	L	S	W	D	L	A	K	V	H
D	D	L	K	L	S	W	D	L	A	K	V	R	H
D	L	K	L	S	W	D	L	A	K	V	R	T	H
L	K	L	S	W	D	L	A	K	V	R	T	D	H
K	L	S	W	D	L	A	K	V	R	T	D	L	H
L	S	W	D	L	A	K	V	R	T	D	L	P	L
S	W	D	L	A	K	V	R	T	D	L	P	L	L
W	D	L	A	K	V	R	T	D	L	P	L	E	L
D	L	A	K	V	R	T	D	L	P	L	E	V	L
L	A	K	V	R	T	D	L	P	L	E	V	D	L
A	K	V	R	T	D	L	P	L	E	V	D	F	L
K	V	R	T	D	L	P	L	E	V	D	F	A	L
V	R	T	D	L	P	L	E	V	D	F	A	K	L
R	T	D	L	P	L	E	V	D	F	A	K	R	L
T	D	L	P	L	E	V	D	F	A	K	R	R	L
D	L	P	L	E	V	D	F	A	K	R	R	E	L
L	P	L	E	V	D	F	A	K	R	R	E	P	L
P	L	E	V	D	F	A	K	R	R	E	P	D	L
L	E	V	D	F	A	K	R	R	E	P	D	R	L
E	V	D	F	A	K	R	R	E	P	D	R	E	L
V	D	F	A	K	R	R	E	P	D	R	E	R	L
D	F	A	K	R	R	E	P	D	R	E	R	L	L
F	A	K	R	R	E	P	D	R	E	R	L	R	L
A	K	R	R	E	P	D	R	E	R	L	R	A	L
K	R	R	E	P	D	R	E	R	L	R	A	F	H
R	R	E	P	D	R	E	R	L	R	A	F	L	H
R	E	P	D	R	E	R	L	R	A	F	L	E	H
E	P	D	R	E	R	L	R	A	F	L	E	R	H
P	D	R	E	R	L	R	A	F	L	E	R	L	H
D	R	E	R	L	R	A	F	L	E	R	L	E	H
R	E	R	L	R	A	F	L	E	R	L	E	F	H
E	R	L	R	A	F	L	E	R	L	E	F	G	H
R	L	R	A	F	L	E	R	L	E	F	G	S	H
L	R	A	F	L	E	R	L	E	F	G	S	L	H
R	A	F	L	E	R	L	E	F	G	S	L	L	L
A	F	L	E	R	L	E	F	G	S	L	L	H	L
F	L	E	R	L	E	F	G	S	L	L	H	E	H
L	E	R	L	E	F	G	S	L	L	H	E	F	H
E	R	L	E	F	G	S	L	L	H	E	F	G	H
R	L	E	F	G	S	L	L	H	E	F	G	L	H
L	E	F	G	S	L	L	H	E	F	G	L	L	H
E	F	G	S	L	L	H	E	F	G	L	L	E	H
F	G	S	L	L	H	E	F	G	L	L	E	S	H
G	S	L	L	H	E	F	G	L	L	E	S	P	H
S	L	L	H	E	F	G	L	L	E	S	P	K	H
L	L	H	E	F	G	L	L	E	S	P	K	A	L
L	H	E	F	G	L	L	E	S	P	K	A	L	L
H	E	F	G	L	L	E	S	P	K	A	L	E	L
E	F	G	L	L	E	S	P	K	A	L	E	E	L
F	G	L	L	E	S	P	K	A	L	E	E	A	L
G	L	L	E	S	P	K	A	L	E	E	A	P	L
L	L	E	S	P	K	A	L	E	E	A	P	W	L
L	E	S	P	K	A	L	E	E	A	P	W	P	L
E	S	P	K	A	L	E	E	A	P	W	P	P	L
S	P	K	A	L	E	E	A	P	W	P	P	P	L
P	K	A	L	E	E	A	P	W	P	P	P	E	L
K	A	L	E	E	A	P	W	P	P	P	E	G	L
A	L	E	E	A	P	W	P	P	P	E	G	A	L
L	E	E	A	P	W	P	P	P	E	G	A	F	L
E	E	A	P	W	P	P	P	E	G	A	F	V	L
E	A	P	W	P	P	P	E	G	A	F	V	G	L
A	P	W	P	P	P	E	G	A	F	V	G	F	L
P	W	P	P	P	E	G	A	F	V	G	F	V	L
W	P	P	P	E	G	A	F	V	G	F	V	L	L
P	P	P	E	G	A	F	V	G	F	V	L	S	S
P	P	E	G	A	F	V	G	F	V	L	S	R	S
P	E	G	A	F	V	G	F	V	L	S	R	K	S
E	G	A	F	V	G	F	V	L	S	R	K	E	S
G	A	F	V	G	F	V	L	S	R	K	E	P	S
A	F	V	G	F	V	L	S	R	K	E	P	M	S
F	V	G	F	V	L	S	R	K	E	P	M	W	L
V	G	F	V	L	S	R	K	E	P	M	W	A	L
G	F	V	L	S	R	K	E	P	M	W	A	D	L
F	V	L	S	R	K	E	P	M	W	A	D	L	L
V	L	S	R	K	E	P	M	W	A	D	L	L	H
L	S	R	K	E	P	M	W	A	D	L	L	A	H
S	R	K	E	P	M	W	A	D	L	L	A	L	H
R	K	E	P	M	W	A	D	L	L	A	L	A	L
K	E	P	M	W	A	D	L	L	A	L	A	A	L
E	P	M	W	A	D	L	L	A	L	A	A	A	S
P	M	W	A	D	L	L	A	L	A	A	A	R	S
M	W	A	D	L	L	A	L	A	A	A	R	G	S
W	A	D	L	L	A	L	A	A	A	R	G	G	S
A	D	L	L	A	L	A	A	A	R	G	G	R	S
D	L	L	A	L	A	A	A	R	G	G	R	V	S
L	L	A	L	A	A	A	R	G	G	R	V	H	S
L	A	L	A	A	A	R	G	G	R	V	H	R	S
A	L	A	A	A	R	G	G	R	V	H	R	A	L
L	A	A	A	R	G	G	R	V	H	R	A	P	L
A	A	A	R	G	G	R	V	H	R	A	P	E	S
A	A	R	G	G	R	V	H	R	A	P	E	P	S
A	R	G	G	R	V	H	R	A	P	E	P	Y	S
R	G	G	R	V	H	R	A	P	E	P	Y	K	S
G	G	R	V	H	R	A	P	E	P	Y	K	A	L
G	R	V	H	R	A	P	E	P	Y	K	A	L	L
R	V	H	R	A	P	E	P	Y	K	A	L	R	L
V	H	R	A	P	E	P	Y	K	A	L	R	D	H
H	R	A	P	E	P	Y	K	A	L	R	D	L	H
R	A	P	E	P	Y	K	A	L	R	D	L	K	H
A	P	E	P	Y	K	A	L	R	D	L	K	E	H
P	E	P	Y	K	A	L	R	D	L	K	E	A	H
E	P	Y	K	A	L	R	D	L	K	E	A	R	H
P	Y	K	A	L	R	D	L	K	E	A	R	G	L
Y	K	A	L	R	D	L	K	E	A	R	G	L	L
K	A	L	R	D	L	K	E	A	R	G	L	L	L
A	L	R	D	L	K	E	A	R	G	L	L	A	L
L	R	D	L	K	E	A	R	G	L	L	A	K	L
R	D	L	K	E	A	R	G	L	L	A	K	D	L
D	L	K	E	A	R	G	L	L	A	K	D	L	L
L	K	E	A	R	G	L	L	A	K	D	L	S	L
K	E	A	R	G	L	L	A	K	D	L	S	V	L
E	A	R	G	L	L	A	K	D	L	S	V	L	H
A	R	G	L	L	A	K	D	L	S	V	L	A	H
R	G	L	L	A	K	D	L	S	V	L	A	L	H
G	L	L	A	K	D	L	S	V	L	A	L	R	H
L	L	A	K	D	L	S	V	L	A	L	R	E	H
L	A	K	D	L	S	V	L	A	L	R	E	G	H
A	K	D	L	S	V	L	A	L	R	E	G	L	H
K	D	L	S	V	L	A	L	R	E	G	L	G	H
D	L	S	V	L	A	L	R	E	G	L	G	L	H
L	S	V	L	A	L	R	E	G	L	G	L	P	H
S	V	L	A	L	R	E	G	L	G	L	P	P	L
V	L	A	L	R	E	G	L	G	L	P	P	G	L
L	A	L	R	E	G	L	G	L	P	P	G	D	L
A	L	R	E	G	L	G	L	P	P	G	D	D	L
L	R	E	G	L	G	L	P	P	G	D	D	P	L
R	E	G	L	G	L	P	P	G	D	D	P	M	L
E	G	L	G	L	P	P	G	D	D	P	M	L	L
G	L	G	L	P	P	G	D	D	P	M	L	L	L
L	G	L	P	P	G	D	D	P	M	L	L	A	L
G	L	P	P	G	D	D	P	M	L	L	A	Y	L
L	P	P	G	D	D	P	M	L	L	A	Y	L	H
P	P	G	D	D	P	M	L	L	A	Y	L	L	H
P	G	D	D	P	M	L	L	A	Y	L	L	D	H
G	D	D	P	M	L	L	A	Y	L	L	D	P	H
D	D	P	M	L	L	A	Y	L	L	D	P	S	H
D	P	M	L	L	A	Y	L	L	D	P	S	N	H
P	M	L	L	A	Y	L	L	D	P	S	N	T	H
M	L	L	A	Y	L	L	D	P	S	N	T	T	H
L	L	A	Y	L	L	D	P	S	N	T	T	P	L
L	A	Y	L	L	D	P	S	N	T	T	P	E	L
A	Y	L	L	D	P	S	N	T	T	P	E	G	L
Y	L	L	D	P	S	N	T	T	P	E	G	V	L
L	L	D	P	S	N	T	T	P	E	G	V	A	L
L	D	P	S	N	T	T	P	E	G	V	A	R	L
D	P	S	N	T	T	P	E	G	V	A	R	R	H
P	S	N	T	T	P	E	G	V	A	R	R	Y	H
S	N	T	T	P	E	G	V	A	R	R	Y	G	H
N	T	T	P	E	G	V	A	R	R	Y	G	G	H
T	T	P	E	G	V	A	R	R	Y	G	G	E	H
T	P	E	G	V	A	R	R	Y	G	G	E	W	H
P	E	G	V	A	R	R	Y	G	G	E	W	T	H
E	G	V	A	R	R	Y	G	G	E	W	T	E	L
G	V	A	R	R	Y	G	G	E	W	T	E	E	L
V	A	R	R	Y	G	G	E	W	T	E	E	A	L
A	R	R	Y	G	G	E	W	T	E	E	A	G	L
R	R	Y	G	G	E	W	T	E	E	A	G	E	L
R	Y	G	G	E	W	T	E	E	A	G	E	R	L
Y	G	G	E	W	T	E	E	A	G	E	R	A	L
G	G	E	W	T	E	E	A	G	E	R	A	A	L
G	E	W	T	E	E	A	G	E	R	A	A	L	H
E	W	T	E	E	A	G	E	R	A	A	L	S	H
W	T	E	E	A	G	E	R	A	A	L	S	E	H
T	E	E	A	G	E	R	A	A	L	S	E	R	H
E	E	A	G	E	R	A	A	L	S	E	R	L	H
E	A	G	E	R	A	A	L	S	E	R	L	F	H
A	G	E	R	A	A	L	S	E	R	L	F	A	H
G	E	R	A	A	L	S	E	R	L	F	A	N	H
E	R	A	A	L	S	E	R	L	F	A	N	L	H
R	A	A	L	S	E	R	L	F	A	N	L	W	H
A	A	L	S	E	R	L	F	A	N	L	W	G	H
A	L	S	E	R	L	F	A	N	L	W	G	R	H
L	S	E	R	L	F	A	N	L	W	G	R	L	H
S	E	R	L	F	A	N	L	W	G	R	L	E	H
E	R	L	F	A	N	L	W	G	R	L	E	G	H
R	L	F	A	N	L	W	G	R	L	E	G	E	H
L	F	A	N	L	W	G	R	L	E	G	E	E	H
F	A	N	L	W	G	R	L	E	G	E	E	R	H
A	N	L	W	G	R	L	E	G	E	E	R	L	H
N	L	W	G	R	L	E	G	E	E	R	L	L	L
L	W	G	R	L	E	G	E	E	R	L	L	W	L
W	G	R	L	E	G	E	E	R	L	L	W	L	L
G	R	L	E	G	E	E	R	L	L	W	L	Y	H
R	L	E	G	E	E	R	L	L	W	L	Y	R	H
L	E	G	E	E	R	L	L	W	L	Y	R	E	H
E	G	E	E	R	L	L	W	L	Y	R	E	V	H
G	E	E	R	L	L	W	L	Y	R	E	V	E	H
E	E	R	L	L	W	L	Y	R	E	V	E	R	H
E	R	L	L	W	L	Y	R	E	V	E	R	P	H
R	L	L	W	L	Y	R	E	V	E	R	P	L	H
L	L	W	L	Y	R	E	V	E	R	P	L	S	H
L	W	L	Y	R	E	V	E	R	P	L	S	A	L
W	L	Y	R	E	V	E	R	P	L	S	A	V	H
L	Y	R	E	V	E	R	P	L	S	A	V	L	H
Y	R	E	V	E	R	P	L	S	A	V	L	A	H
R	E	V	E	R	P	L	S	A	V	L	A	H	H
E	V	E	R	P	L	S	A	V	L	A	H	M	H
V	E	R	P	L	S	A	V	L	A	H	M	E	H
E	R	P	L	S	A	V	L	A	H	M	E	A	H
R	P	L	S	A	V	L	A	H	M	E	A	T	H
P	L	S	A	V	L	A	H	M	E	A	T	G	H
L	S	A	V	L	A	H	M	E	A	T	G	V	H
S	A	V	L	A	H	M	E	A	T	G	V	R	H
A	V	L	A	H	M	E	A	T	G	V	R	L	H
V	L	A	H	M	E	A	T	G	V	R	L	D	H
L	A	H	M	E	A	T	G	V	R	L	D	V	H
A	H	M	E	A	T	G	V	R	L	D	V	A	L
H	M	E	A	T	G	V	R	L	D	V	A	Y	L
M	E	A	T	G	V	R	L	D	V	A	Y	L	L
E	A	T	G	V	R	L	D	V	A	Y	L	R	L
A	T	G	V	R	L	D	V	A	Y	L	R	A	L
T	G	V	R	L	D	V	A	Y	L	R	A	L	H
G	V	R	L	D	V	A	Y	L	R	A	L	S	H
V	R	L	D	V	A	Y	L	R	A	L	S	L	H
R	L	D	V	A	Y	L	R	A	L	S	L	E	H
L	D	V	A	Y	L	R	A	L	S	L	E	V	H
D	V	A	Y	L	R	A	L	S	L	E	V	A	H
V	A	Y	L	R	A	L	S	L	E	V	A	E	H
A	Y	L	R	A	L	S	L	E	V	A	E	E	H
Y	L	R	A	L	S	L	E	V	A	E	E	I	H
L	R	A	L	S	L	E	V	A	E	E	I	A	H
R	A	L	S	L	E	V	A	E	E	I	A	R	H
A	L	S	L	E	V	A	E	E	I	A	R	L	H
L	S	L	E	V	A	E	E	I	A	R	L	E	H
S	L	E	V	A	E	E	I	A	R	L	E	A	H
L	E	V	A	E	E	I	A	R	L	E	A	E	H
E	V	A	E	E	I	A	R	L	E	A	E	V	H
V	A	E	E	I	A	R	L	E	A	E	V	F	H
A	E	E	I	A	R	L	E	A	E	V	F	R	H
E	E	I	A	R	L	E	A	E	V	F	R	L	H
E	I	A	R	L	E	A	E	V	F	R	L	A	H
I	A	R	L	E	A	E	V	F	R	L	A	G	H
A	R	L	E	A	E	V	F	R	L	A	G	H	H
R	L	E	A	E	V	F	R	L	A	G	H	P	H
L	E	A	E	V	F	R	L	A	G	H	P	F	H
E	A	E	V	F	R	L	A	G	H	P	F	N	H
A	E	V	F	R	L	A	G	H	P	F	N	L	H
E	V	F	R	L	A	G	H	P	F	N	L	N	L
V	F	R	L	A	G	H	P	F	N	L	N	S	L
F	R	L	A	G	H	P	F	N	L	N	S	R	L
R	L	A	G	H	P	F	N	L	N	S	R	D	L
L	A	G	H	P	F	N	L	N	S	R	D	Q	L
A	G	H	P	F	N	L	N	S	R	D	Q	L	L
G	H	P	F	N	L	N	S	R	D	Q	L	E	L
H	P	F	N	L	N	S	R	D	Q	L	E	R	L
P	F	N	L	N	S	R	D	Q	L	E	R	V	H
F	N	L	N	S	R	D	Q	L	E	R	V	L	H
N	L	N	S	R	D	Q	L	E	R	V	L	F	H
L	N	S	R	D	Q	L	E	R	V	L	F	D	H
N	S	R	D	Q	L	E	R	V	L	F	D	E	H
S	R	D	Q	L	E	R	V	L	F	D	E	L	H
R	D	Q	L	E	R	V	L	F	D	E	L	S	H
D	Q	L	E	R	V	L	F	D	E	L	S	T	H
Q	L	E	R	V	L	F	D	E	L	S	T	S	L
L	E	R	V	L	F	D	E	L	S	T	S	A	L
E	R	V	L	F	D	E	L	S	T	S	A	A	L
R	V	L	F	D	E	L	S	T	S	A	A	V	L
V	L	F	D	E	L	S	T	S	A	A	V	L	L
L	F	D	E	L	S	T	S	A	A	V	L	E	L
F	D	E	L	S	T	S	A	A	V	L	E	A	L
D	E	L	S	T	S	A	A	V	L	E	A	L	L
E	L	S	T	S	A	A	V	L	E	A	L	R	H
L	S	T	S	A	A	V	L	E	A	L	R	E	H
S	T	S	A	A	V	L	E	A	L	R	E	A	H
T	S	A	A	V	L	E	A	L	R	E	A	H	H
S	A	A	V	L	E	A	L	R	E	A	H	P	L
A	A	V	L	E	A	L	R	E	A	H	P	I	L
A	V	L	E	A	L	R	E	A	H	P	I	V	L
V	L	E	A	L	R	E	A	H	P	I	V	E	L
L	E	A	L	R	E	A	H	P	I	V	E	K	L
E	A	L	R	E	A	H	P	I	V	E	K	I	L
A	L	R	E	A	H	P	I	V	E	K	I	L	H
L	R	E	A	H	P	I	V	E	K	I	L	Q	H
R	E	A	H	P	I	V	E	K	I	L	Q	Y	H
E	A	H	P	I	V	E	K	I	L	Q	Y	R	H
A	H	P	I	V	E	K	I	L	Q	Y	R	E	H
H	P	I	V	E	K	I	L	Q	Y	R	E	L	H
P	I	V	E	K	I	L	Q	Y	R	E	L	T	H
I	V	E	K	I	L	Q	Y	R	E	L	T	K	H
V	E	K	I	L	Q	Y	R	E	L	T	K	L	H
E	K	I	L	Q	Y	R	E	L	T	K	L	K	H
K	I	L	Q	Y	R	E	L	T	K	L	K	S	H
I	L	Q	Y	R	E	L	T	K	L	K	S	T	H
L	Q	Y	R	E	L	T	K	L	K	S	T	Y	H
Q	Y	R	E	L	T	K	L	K	S	T	Y	I	H
Y	R	E	L	T	K	L	K	S	T	Y	I	D	H
R	E	L	T	K	L	K	S	T	Y	I	D	P	H
E	L	T	K	L	K	S	T	Y	I	D	P	L	H
L	T	K	L	K	S	T	Y	I	D	P	L	P	H
T	K	L	K	S	T	Y	I	D	P	L	P	D	L
K	L	K	S	T	Y	I	D	P	L	P	D	L	L
L	K	S	T	Y	I	D	P	L	P	D	L	I	L
K	S	T	Y	I	D	P	L	P	D	L	I	H	H
S	T	Y	I	D	P	L	P	D	L	I	H	P	H
T	Y	I	D	P	L	P	D	L	I	H	P	R	H
Y	I	D	P	L	P	D	L	I	H	P	R	T	H
I	D	P	L	P	D	L	I	H	P	R	T	G	L
D	P	L	P	D	L	I	H	P	R	T	G	R	L
P	L	P	D	L	I	H	P	R	T	G	R	L	L
L	P	D	L	I	H	P	R	T	G	R	L	H	L
P	D	L	I	H	P	R	T	G	R	L	H	T	L
D	L	I	H	P	R	T	G	R	L	H	T	R	L
L	I	H	P	R	T	G	R	L	H	T	R	F	L
I	H	P	R	T	G	R	L	H	T	R	F	N	L
H	P	R	T	G	R	L	H	T	R	F	N	Q	L
P	R	T	G	R	L	H	T	R	F	N	Q	T	L
R	T	G	R	L	H	T	R	F	N	Q	T	A	L
T	G	R	L	H	T	R	F	N	Q	T	A	T	S
G	R	L	H	T	R	F	N	Q	T	A	T	A	S
R	L	H	T	R	F	N	Q	T	A	T	A	T	S
L	H	T	R	F	N	Q	T	A	T	A	T	G	L
H	T	R	F	N	Q	T	A	T	A	T	G	R	L
T	R	F	N	Q	T	A	T	A	T	G	R	L	L
R	F	N	Q	T	A	T	A	T	G	R	L	S	L
F	N	Q	T	A	T	A	T	G	R	L	S	S	L
N	Q	T	A	T	A	T	G	R	L	S	S	S	L
Q	T	A	T	A	T	G	R	L	S	S	S	D	L
T	A	T	A	T	G	R	L	S	S	S	D	P	L
A	T	A	T	G	R	L	S	S	S	D	P	N	L
T	A	T	G	R	L	S	S	S	D	P	N	L	S
A	T	G	R	L	S	S	S	D	P	N	L	Q	S
T	G	R	L	S	S	S	D	P	N	L	Q	N	S
G	R	L	S	S	S	D	P	N	L	Q	N	I	L
R	L	S	S	S	D	P	N	L	Q	N	I	P	L
L	S	S	S	D	P	N	L	Q	N	I	P	V	L
S	S	S	D	P	N	L	Q	N	I	P	V	R	H
S	S	D	P	N	L	Q	N	I	P	V	R	T	H
S	D	P	N	L	Q	N	I	P	V	R	T	P	H
D	P	N	L	Q	N	I	P	V	R	T	P	L	L
P	N	L	Q	N	I	P	V	R	T	P	L	G	L
N	L	Q	N	I	P	V	R	T	P	L	G	Q	L
L	Q	N	I	P	V	R	T	P	L	G	Q	R	L
Q	N	I	P	V	R	T	P	L	G	Q	R	I	L
N	I	P	V	R	T	P	L	G	Q	R	I	R	H
I	P	V	R	T	P	L	G	Q	R	I	R	R	H
P	V	R	T	P	L	G	Q	R	I	R	R	A	H
V	R	T	P	L	G	Q	R	I	R	R	A	F	H
R	T	P	L	G	Q	R	I	R	R	A	F	I	H
T	P	L	G	Q	R	I	R	R	A	F	I	A	H
P	L	G	Q	R	I	R	R	A	F	I	A	E	H
L	G	Q	R	I	R	R	A	F	I	A	E	E	H
G	Q	R	I	R	R	A	F	I	A	E	E	G	H
Q	R	I	R	R	A	F	I	A	E	E	G	W	L
R	I	R	R	A	F	I	A	E	E	G	W	L	L
I	R	R	A	F	I	A	E	E	G	W	L	L	L
R	R	A	F	I	A	E	E	G	W	L	L	V	L
R	A	F	I	A	E	E	G	W	L	L	V	A	L
A	F	I	A	E	E	G	W	L	L	V	A	L	L
F	I	A	E	E	G	W	L	L	V	A	L	D	S
I	A	E	E	G	W	L	L	V	A	L	D	Y	S
A	E	E	G	W	L	L	V	A	L	D	Y	S	S
E	E	G	W	L	L	V	A	L	D	Y	S	Q	S
E	G	W	L	L	V	A	L	D	Y	S	Q	I	S
G	W	L	L	V	A	L	D	Y	S	Q	I	E	S
W	L	L	V	A	L	D	Y	S	Q	I	E	L	S
L	L	V	A	L	D	Y	S	Q	I	E	L	R	S
L	V	A	L	D	Y	S	Q	I	E	L	R	V	L
V	A	L	D	Y	S	Q	I	E	L	R	V	L	L
A	L	D	Y	S	Q	I	E	L	R	V	L	A	H
L	D	Y	S	Q	I	E	L	R	V	L	A	H	H
D	Y	S	Q	I	E	L	R	V	L	A	H	L	H
Y	S	Q	I	E	L	R	V	L	A	H	L	S	H
S	Q	I	E	L	R	V	L	A	H	L	S	G	H
Q	I	E	L	R	V	L	A	H	L	S	G	D	H
I	E	L	R	V	L	A	H	L	S	G	D	E	H
E	L	R	V	L	A	H	L	S	G	D	E	N	H
L	R	V	L	A	H	L	S	G	D	E	N	L	H
R	V	L	A	H	L	S	G	D	E	N	L	I	H
V	L	A	H	L	S	G	D	E	N	L	I	R	L
L	A	H	L	S	G	D	E	N	L	I	R	V	L
A	H	L	S	G	D	E	N	L	I	R	V	F	H
H	L	S	G	D	E	N	L	I	R	V	F	Q	H
L	S	G	D	E	N	L	I	R	V	F	Q	E	H
S	G	D	E	N	L	I	R	V	F	Q	E	G	H
G	D	E	N	L	I	R	V	F	Q	E	G	R	H
D	E	N	L	I	R	V	F	Q	E	G	R	D	H
E	N	L	I	R	V	F	Q	E	G	R	D	I	H
N	L	I	R	V	F	Q	E	G	R	D	I	H	H
L	I	R	V	F	Q	E	G	R	D	I	H	T	H
I	R	V	F	Q	E	G	R	D	I	H	T	E	L
R	V	F	Q	E	G	R	D	I	H	T	E	T	L
V	F	Q	E	G	R	D	I	H	T	E	T	A	L
F	Q	E	G	R	D	I	H	T	E	T	A	S	H
Q	E	G	R	D	I	H	T	E	T	A	S	W	H
E	G	R	D	I	H	T	E	T	A	S	W	M	H
G	R	D	I	H	T	E	T	A	S	W	M	F	H
R	D	I	H	T	E	T	A	S	W	M	F	G	H
D	I	H	T	E	T	A	S	W	M	F	G	V	H
I	H	T	E	T	A	S	W	M	F	G	V	P	H
H	T	E	T	A	S	W	M	F	G	V	P	R	H
T	E	T	A	S	W	M	F	G	V	P	R	E	H
E	T	A	S	W	M	F	G	V	P	R	E	A	H
T	A	S	W	M	F	G	V	P	R	E	A	V	L
A	S	W	M	F	G	V	P	R	E	A	V	D	L
S	W	M	F	G	V	P	R	E	A	V	D	P	L
W	M	F	G	V	P	R	E	A	V	D	P	L	H
M	F	G	V	P	R	E	A	V	D	P	L	M	H
F	G	V	P	R	E	A	V	D	P	L	M	R	H
G	V	P	R	E	A	V	D	P	L	M	R	R	L
V	P	R	E	A	V	D	P	L	M	R	R	A	L
P	R	E	A	V	D	P	L	M	R	R	A	A	H
R	E	A	V	D	P	L	M	R	R	A	A	K	H
E	A	V	D	P	L	M	R	R	A	A	K	T	H
A	V	D	P	L	M	R	R	A	A	K	T	I	H
V	D	P	L	M	R	R	A	A	K	T	I	N	H
D	P	L	M	R	R	A	A	K	T	I	N	F	H
P	L	M	R	R	A	A	K	T	I	N	F	G	H
L	M	R	R	A	A	K	T	I	N	F	G	V	H
M	R	R	A	A	K	T	I	N	F	G	V	L	H
R	R	A	A	K	T	I	N	F	G	V	L	Y	H
R	A	A	K	T	I	N	F	G	V	L	Y	G	H
A	A	K	T	I	N	F	G	V	L	Y	G	M	H
A	K	T	I	N	F	G	V	L	Y	G	M	S	H
K	T	I	N	F	G	V	L	Y	G	M	S	A	H
T	I	N	F	G	V	L	Y	G	M	S	A	H	H
I	N	F	G	V	L	Y	G	M	S	A	H	R	H
N	F	G	V	L	Y	G	M	S	A	H	R	L	L
F	G	V	L	Y	G	M	S	A	H	R	L	S	L
G	V	L	Y	G	M	S	A	H	R	L	S	Q	L
V	L	Y	G	M	S	A	H	R	L	S	Q	E	L
L	Y	G	M	S	A	H	R	L	S	Q	E	L	H
Y	G	M	S	A	H	R	L	S	Q	E	L	A	H
G	M	S	A	H	R	L	S	Q	E	L	A	I	H
M	S	A	H	R	L	S	Q	E	L	A	I	P	H
S	A	H	R	L	S	Q	E	L	A	I	P	Y	H
A	H	R	L	S	Q	E	L	A	I	P	Y	E	H
H	R	L	S	Q	E	L	A	I	P	Y	E	E	H
R	L	S	Q	E	L	A	I	P	Y	E	E	A	L
L	S	Q	E	L	A	I	P	Y	E	E	A	Q	L
S	Q	E	L	A	I	P	Y	E	E	A	Q	A	L
Q	E	L	A	I	P	Y	E	E	A	Q	A	F	L
E	L	A	I	P	Y	E	E	A	Q	A	F	I	L
L	A	I	P	Y	E	E	A	Q	A	F	I	E	L
A	I	P	Y	E	E	A	Q	A	F	I	E	R	H
I	P	Y	E	E	A	Q	A	F	I	E	R	Y	H
P	Y	E	E	A	Q	A	F	I	E	R	Y	F	H
Y	E	E	A	Q	A	F	I	E	R	Y	F	Q	H
E	E	A	Q	A	F	I	E	R	Y	F	Q	S	H
E	A	Q	A	F	I	E	R	Y	F	Q	S	F	H
A	Q	A	F	I	E	R	Y	F	Q	S	F	P	H
Q	A	F	I	E	R	Y	F	Q	S	F	P	K	H
A	F	I	E	R	Y	F	Q	S	F	P	K	V	H
F	I	E	R	Y	F	Q	S	F	P	K	V	R	H
I	E	R	Y	F	Q	S	F	P	K	V	R	A	H
E	R	Y	F	Q	S	F	P	K	V	R	A	W	L
R	Y	F	Q	S	F	P	K	V	R	A	W	I	H
Y	F	Q	S	F	P	K	V	R	A	W	I	E	H
F	Q	S	F	P	K	V	R	A	W	I	E	K	H
Q	S	F	P	K	V	R	A	W	I	E	K	T	H
S	F	P	K	V	R	A	W	I	E	K	T	L	H
F	P	K	V	R	A	W	I	E	K	T	L	E	H
P	K	V	R	A	W	I	E	K	T	L	E	E	H
K	V	R	A	W	I	E	K	T	L	E	E	G	H
V	R	A	W	I	E	K	T	L	E	E	G	R	H
R	A	W	I	E	K	T	L	E	E	G	R	R	H
A	W	I	E	K	T	L	E	E	G	R	R	R	H
W	I	E	K	T	L	E	E	G	R	R	R	G	H
I	E	K	T	L	E	E	G	R	R	R	G	Y	H
E	K	T	L	E	E	G	R	R	R	G	Y	V	H
K	T	L	E	E	G	R	R	R	G	Y	V	E	H
T	L	E	E	G	R	R	R	G	Y	V	E	T	H
L	E	E	G	R	R	R	G	Y	V	E	T	L	H
E	E	G	R	R	R	G	Y	V	E	T	L	F	L
E	G	R	R	R	G	Y	V	E	T	L	F	G	S
G	R	R	R	G	Y	V	E	T	L	F	G	R	S
R	R	R	G	Y	V	E	T	L	F	G	R	R	S
R	R	G	Y	V	E	T	L	F	G	R	R	R	L
R	G	Y	V	E	T	L	F	G	R	R	R	Y	L
G	Y	V	E	T	L	F	G	R	R	R	Y	V	L
Y	V	E	T	L	F	G	R	R	R	Y	V	P	L
V	E	T	L	F	G	R	R	R	Y	V	P	D	L
E	T	L	F	G	R	R	R	Y	V	P	D	L	S
T	L	F	G	R	R	R	Y	V	P	D	L	E	S
L	F	G	R	R	R	Y	V	P	D	L	E	A	S
F	G	R	R	R	Y	V	P	D	L	E	A	R	L
G	R	R	R	Y	V	P	D	L	E	A	R	V	H
R	R	R	Y	V	P	D	L	E	A	R	V	K	H
R	R	Y	V	P	D	L	E	A	R	V	K	S	H
R	Y	V	P	D	L	E	A	R	V	K	S	V	H
Y	V	P	D	L	E	A	R	V	K	S	V	R	L
V	P	D	L	E	A	R	V	K	S	V	R	E	L
P	D	L	E	A	R	V	K	S	V	R	E	A	L
D	L	E	A	R	V	K	S	V	R	E	A	A	H
L	E	A	R	V	K	S	V	R	E	A	A	E	H
E	A	R	V	K	S	V	R	E	A	A	E	R	H
A	R	V	K	S	V	R	E	A	A	E	R	M	H
R	V	K	S	V	R	E	A	A	E	R	M	A	H
V	K	S	V	R	E	A	A	E	R	M	A	F	H
K	S	V	R	E	A	A	E	R	M	A	F	N	H
S	V	R	E	A	A	E	R	M	A	F	N	M	H
V	R	E	A	A	E	R	M	A	F	N	M	P	H
R	E	A	A	E	R	M	A	F	N	M	P	V	H
E	A	A	E	R	M	A	F	N	M	P	V	Q	H
A	A	E	R	M	A	F	N	M	P	V	Q	G	H
A	E	R	M	A	F	N	M	P	V	Q	G	T	H
E	R	M	A	F	N	M	P	V	Q	G	T	A	H
R	M	A	F	N	M	P	V	Q	G	T	A	A	H
M	A	F	N	M	P	V	Q	G	T	A	A	D	H
A	F	N	M	P	V	Q	G	T	A	A	D	L	H
F	N	M	P	V	Q	G	T	A	A	D	L	M	H
N	M	P	V	Q	G	T	A	A	D	L	M	K	H
M	P	V	Q	G	T	A	A	D	L	M	K	L	H
P	V	Q	G	T	A	A	D	L	M	K	L	A	H
V	Q	G	T	A	A	D	L	M	K	L	A	M	H
Q	G	T	A	A	D	L	M	K	L	A	M	V	H
G	T	A	A	D	L	M	K	L	A	M	V	K	H
T	A	A	D	L	M	K	L	A	M	V	K	L	H
A	A	D	L	M	K	L	A	M	V	K	L	F	H
A	D	L	M	K	L	A	M	V	K	L	F	P	H
D	L	M	K	L	A	M	V	K	L	F	P	R	H
L	M	K	L	A	M	V	K	L	F	P	R	L	H
M	K	L	A	M	V	K	L	F	P	R	L	E	H
K	L	A	M	V	K	L	F	P	R	L	E	E	H
L	A	M	V	K	L	F	P	R	L	E	E	M	H
A	M	V	K	L	F	P	R	L	E	E	M	G	H
M	V	K	L	F	P	R	L	E	E	M	G	A	H
V	K	L	F	P	R	L	E	E	M	G	A	R	H
K	L	F	P	R	L	E	E	M	G	A	R	M	H
L	F	P	R	L	E	E	M	G	A	R	M	L	H
F	P	R	L	E	E	M	G	A	R	M	L	L	L
P	R	L	E	E	M	G	A	R	M	L	L	Q	L
R	L	E	E	M	G	A	R	M	L	L	Q	V	L
L	E	E	M	G	A	R	M	L	L	Q	V	H	S
E	E	M	G	A	R	M	L	L	Q	V	H	D	S
E	M	G	A	R	M	L	L	Q	V	H	D	E	S
M	G	A	R	M	L	L	Q	V	H	D	E	L	S
G	A	R	M	L	L	Q	V	H	D	E	L	V	S
A	R	M	L	L	Q	V	H	D	E	L	V	L	S
R	M	L	L	Q	V	H	D	E	L	V	L	E	L
M	L	L	Q	V	H	D	E	L	V	L	E	A	L
L	L	Q	V	H	D	E	L	V	L	E	A	P	S
L	Q	V	H	D	E	L	V	L	E	A	P	K	S
Q	V	H	D	E	L	V	L	E	A	P	K	E	S
V	H	D	E	L	V	L	E	A	P	K	E	R	S
H	D	E	L	V	L	E	A	P	K	E	R	A	S
D	E	L	V	L	E	A	P	K	E	R	A	E	S
E	L	V	L	E	A	P	K	E	R	A	E	A	S
L	V	L	E	A	P	K	E	R	A	E	A	V	L
V	L	E	A	P	K	E	R	A	E	A	V	A	L
L	E	A	P	K	E	R	A	E	A	V	A	R	H
E	A	P	K	E	R	A	E	A	V	A	R	L	H
A	P	K	E	R	A	E	A	V	A	R	L	A	H
P	K	E	R	A	E	A	V	A	R	L	A	K	H
K	E	R	A	E	A	V	A	R	L	A	K	E	H
E	R	A	E	A	V	A	R	L	A	K	E	V	H
R	A	E	A	V	A	R	L	A	K	E	V	M	H
A	E	A	V	A	R	L	A	K	E	V	M	E	H
E	A	V	A	R	L	A	K	E	V	M	E	G	H
A	V	A	R	L	A	K	E	V	M	E	G	V	H
V	A	R	L	A	K	E	V	M	E	G	V	Y	H
A	R	L	A	K	E	V	M	E	G	V	Y	P	H
R	L	A	K	E	V	M	E	G	V	Y	P	L	H
L	A	K	E	V	M	E	G	V	Y	P	L	A	H
A	K	E	V	M	E	G	V	Y	P	L	A	V	L
K	E	V	M	E	G	V	Y	P	L	A	V	P	L
E	V	M	E	G	V	Y	P	L	A	V	P	L	L
V	M	E	G	V	Y	P	L	A	V	P	L	E	L
M	E	G	V	Y	P	L	A	V	P	L	E	V	L
E	G	V	Y	P	L	A	V	P	L	E	V	E	L
G	V	Y	P	L	A	V	P	L	E	V	E	V	L
V	Y	P	L	A	V	P	L	E	V	E	V	G	L
Y	P	L	A	V	P	L	E	V	E	V	G	I	L
P	L	A	V	P	L	E	V	E	V	G	I	G	L
L	A	V	P	L	E	V	E	V	G	I	G	E	S
A	V	P	L	E	V	E	V	G	I	G	E	D	S
V	P	L	E	V	E	V	G	I	G	E	D	W	S
P	L	E	V	E	V	G	I	G	E	D	W	L	S
L	E	V	E	V	G	I	G	E	D	W	L	S	S
E	V	E	V	G	I	G	E	D	W	L	S	A	S
V	E	V	G	I	G	E	D	W	L	S	A	K	L
E	V	G	I	G	E	D	W	L	S	A	K	E	L
P	Y	T	V	V	Y	F	P	V	R	G	R	C	S
Y	T	V	V	Y	F	P	V	R	G	R	C	A	L
T	V	V	Y	F	P	V	R	G	R	C	A	A	L
V	V	Y	F	P	V	R	G	R	C	A	A	L	L
V	Y	F	P	V	R	G	R	C	A	A	L	R	H
Y	F	P	V	R	G	R	C	A	A	L	R	M	H
F	P	V	R	G	R	C	A	A	L	R	M	L	H
P	V	R	G	R	C	A	A	L	R	M	L	L	H
V	R	G	R	C	A	A	L	R	M	L	L	A	H
R	G	R	C	A	A	L	R	M	L	L	A	D	H
G	R	C	A	A	L	R	M	L	L	A	D	Q	H
R	C	A	A	L	R	M	L	L	A	D	Q	G	H
C	A	A	L	R	M	L	L	A	D	Q	G	Q	H
A	A	L	R	M	L	L	A	D	Q	G	Q	S	H
A	L	R	M	L	L	A	D	Q	G	Q	S	W	H
L	R	M	L	L	A	D	Q	G	Q	S	W	K	H
R	M	L	L	A	D	Q	G	Q	S	W	K	E	L
M	L	L	A	D	Q	G	Q	S	W	K	E	E	L
L	L	A	D	Q	G	Q	S	W	K	E	E	V	L
L	A	D	Q	G	Q	S	W	K	E	E	V	V	L
A	D	Q	G	Q	S	W	K	E	E	V	V	T	S
D	Q	G	Q	S	W	K	E	E	V	V	T	V	S
Q	G	Q	S	W	K	E	E	V	V	T	V	E	S
G	Q	S	W	K	E	E	V	V	T	V	E	T	S
Q	S	W	K	E	E	V	V	T	V	E	T	W	S
S	W	K	E	E	V	V	T	V	E	T	W	Q	S
W	K	E	E	V	V	T	V	E	T	W	Q	E	L
K	E	E	V	V	T	V	E	T	W	Q	E	G	H
E	E	V	V	T	V	E	T	W	Q	E	G	S	H
E	V	V	T	V	E	T	W	Q	E	G	S	L	H
V	V	T	V	E	T	W	Q	E	G	S	L	K	H
V	T	V	E	T	W	Q	E	G	S	L	K	A	H
T	V	E	T	W	Q	E	G	S	L	K	A	S	H
V	E	T	W	Q	E	G	S	L	K	A	S	C	L
E	T	W	Q	E	G	S	L	K	A	S	C	L	H
T	W	Q	E	G	S	L	K	A	S	C	L	Y	H
W	Q	E	G	S	L	K	A	S	C	L	Y	G	H
Q	E	G	S	L	K	A	S	C	L	Y	G	Q	H
E	G	S	L	K	A	S	C	L	Y	G	Q	L	H
G	S	L	K	A	S	C	L	Y	G	Q	L	P	L
S	L	K	A	S	C	L	Y	G	Q	L	P	K	L
L	K	A	S	C	L	Y	G	Q	L	P	K	F	L
K	A	S	C	L	Y	G	Q	L	P	K	F	Q	L
A	S	C	L	Y	G	Q	L	P	K	F	Q	D	L
S	C	L	Y	G	Q	L	P	K	F	Q	D	G	L
C	L	Y	G	Q	L	P	K	F	Q	D	G	D	L
L	Y	G	Q	L	P	K	F	Q	D	G	D	L	S
Y	G	Q	L	P	K	F	Q	D	G	D	L	T	S
G	Q	L	P	K	F	Q	D	G	D	L	T	L	S
Q	L	P	K	F	Q	D	G	D	L	T	L	Y	S
L	P	K	F	Q	D	G	D	L	T	L	Y	Q	L
P	K	F	Q	D	G	D	L	T	L	Y	Q	S	L
K	F	Q	D	G	D	L	T	L	Y	Q	S	N	S
F	Q	D	G	D	L	T	L	Y	Q	S	N	T	S
Q	D	G	D	L	T	L	Y	Q	S	N	T	I	S
D	G	D	L	T	L	Y	Q	S	N	T	I	L	S
G	D	L	T	L	Y	Q	S	N	T	I	L	R	L
D	L	T	L	Y	Q	S	N	T	I	L	R	H	H
L	T	L	Y	Q	S	N	T	I	L	R	H	L	H
T	L	Y	Q	S	N	T	I	L	R	H	L	G	H
L	Y	Q	S	N	T	I	L	R	H	L	G	R	H
Y	Q	S	N	T	I	L	R	H	L	G	R	T	H
Q	S	N	T	I	L	R	H	L	G	R	T	L	H
S	N	T	I	L	R	H	L	G	R	T	L	G	H
N	T	I	L	R	H	L	G	R	T	L	G	L	H
T	I	L	R	H	L	G	R	T	L	G	L	Y	H
I	L	R	H	L	G	R	T	L	G	L	Y	G	H
L	R	H	L	G	R	T	L	G	L	Y	G	K	H
R	H	L	G	R	T	L	G	L	Y	G	K	D	H
H	L	G	R	T	L	G	L	Y	G	K	D	Q	L
L	G	R	T	L	G	L	Y	G	K	D	Q	Q	L
G	R	T	L	G	L	Y	G	K	D	Q	Q	E	L
R	T	L	G	L	Y	G	K	D	Q	Q	E	A	L
T	L	G	L	Y	G	K	D	Q	Q	E	A	A	L
L	G	L	Y	G	K	D	Q	Q	E	A	A	L	L
G	L	Y	G	K	D	Q	Q	E	A	A	L	V	H
L	Y	G	K	D	Q	Q	E	A	A	L	V	D	H
Y	G	K	D	Q	Q	E	A	A	L	V	D	M	H
G	K	D	Q	Q	E	A	A	L	V	D	M	V	H
K	D	Q	Q	E	A	A	L	V	D	M	V	N	H
D	Q	Q	E	A	A	L	V	D	M	V	N	D	H
Q	Q	E	A	A	L	V	D	M	V	N	D	G	H
Q	E	A	A	L	V	D	M	V	N	D	G	V	H
E	A	A	L	V	D	M	V	N	D	G	V	E	H
A	A	L	V	D	M	V	N	D	G	V	E	D	H
A	L	V	D	M	V	N	D	G	V	E	D	L	H
L	V	D	M	V	N	D	G	V	E	D	L	R	H
V	D	M	V	N	D	G	V	E	D	L	R	C	H
D	M	V	N	D	G	V	E	D	L	R	C	K	H
M	V	N	D	G	V	E	D	L	R	C	K	Y	H
V	N	D	G	V	E	D	L	R	C	K	Y	I	H
N	D	G	V	E	D	L	R	C	K	Y	I	S	H
D	G	V	E	D	L	R	C	K	Y	I	S	L	H
G	V	E	D	L	R	C	K	Y	I	S	L	I	H
V	E	D	L	R	C	K	Y	I	S	L	I	Y	H
E	D	L	R	C	K	Y	I	S	L	I	Y	T	H
D	L	R	C	K	Y	I	S	L	I	Y	T	N	H
L	R	C	K	Y	I	S	L	I	Y	T	N	Y	H
R	C	K	Y	I	S	L	I	Y	T	N	Y	E	H
C	K	Y	I	S	L	I	Y	T	N	Y	E	A	H
K	Y	I	S	L	I	Y	T	N	Y	E	A	G	H
Y	I	S	L	I	Y	T	N	Y	E	A	G	K	H
I	S	L	I	Y	T	N	Y	E	A	G	K	D	L
S	L	I	Y	T	N	Y	E	A	G	K	D	D	H
L	I	Y	T	N	Y	E	A	G	K	D	D	Y	H
I	Y	T	N	Y	E	A	G	K	D	D	Y	V	H
Y	T	N	Y	E	A	G	K	D	D	Y	V	K	H
T	N	Y	E	A	G	K	D	D	Y	V	K	A	H
N	Y	E	A	G	K	D	D	Y	V	K	A	L	H
Y	E	A	G	K	D	D	Y	V	K	A	L	P	H
E	A	G	K	D	D	Y	V	K	A	L	P	G	H
A	G	K	D	D	Y	V	K	A	L	P	G	Q	H
G	K	D	D	Y	V	K	A	L	P	G	Q	L	H
K	D	D	Y	V	K	A	L	P	G	Q	L	K	H
D	D	Y	V	K	A	L	P	G	Q	L	K	P	H
D	Y	V	K	A	L	P	G	Q	L	K	P	F	H
Y	V	K	A	L	P	G	Q	L	K	P	F	E	H
V	K	A	L	P	G	Q	L	K	P	F	E	T	H
K	A	L	P	G	Q	L	K	P	F	E	T	L	H
A	L	P	G	Q	L	K	P	F	E	T	L	L	H
L	P	G	Q	L	K	P	F	E	T	L	L	S	H
P	G	Q	L	K	P	F	E	T	L	L	S	Q	H
G	Q	L	K	P	F	E	T	L	L	S	Q	N	H
Q	L	K	P	F	E	T	L	L	S	Q	N	Q	H
L	K	P	F	E	T	L	L	S	Q	N	Q	G	H
K	P	F	E	T	L	L	S	Q	N	Q	G	G	H
P	F	E	T	L	L	S	Q	N	Q	G	G	K	H
F	E	T	L	L	S	Q	N	Q	G	G	K	T	H
E	T	L	L	S	Q	N	Q	G	G	K	T	F	L
T	L	L	S	Q	N	Q	G	G	K	T	F	I	H
L	L	S	Q	N	Q	G	G	K	T	F	I	V	H
L	S	Q	N	Q	G	G	K	T	F	I	V	G	H
S	Q	N	Q	G	G	K	T	F	I	V	G	D	L
Q	N	Q	G	G	K	T	F	I	V	G	D	Q	L
N	Q	G	G	K	T	F	I	V	G	D	Q	I	L
Q	G	G	K	T	F	I	V	G	D	Q	I	S	L
G	G	K	T	F	I	V	G	D	Q	I	S	F	L
G	K	T	F	I	V	G	D	Q	I	S	F	A	L
K	T	F	I	V	G	D	Q	I	S	F	A	D	L
T	F	I	V	G	D	Q	I	S	F	A	D	Y	L
F	I	V	G	D	Q	I	S	F	A	D	Y	N	L
I	V	G	D	Q	I	S	F	A	D	Y	N	L	L
V	G	D	Q	I	S	F	A	D	Y	N	L	L	H
G	D	Q	I	S	F	A	D	Y	N	L	L	D	H
D	Q	I	S	F	A	D	Y	N	L	L	D	L	H
Q	I	S	F	A	D	Y	N	L	L	D	L	L	H
I	S	F	A	D	Y	N	L	L	D	L	L	L	H
S	F	A	D	Y	N	L	L	D	L	L	L	I	H
F	A	D	Y	N	L	L	D	L	L	L	I	H	H
A	D	Y	N	L	L	D	L	L	L	I	H	E	H
D	Y	N	L	L	D	L	L	L	I	H	E	V	H
Y	N	L	L	D	L	L	L	I	H	E	V	L	H
N	L	L	D	L	L	L	I	H	E	V	L	A	H
L	L	D	L	L	L	I	H	E	V	L	A	P	H
L	D	L	L	L	I	H	E	V	L	A	P	G	H
D	L	L	L	I	H	E	V	L	A	P	G	C	H
L	L	L	I	H	E	V	L	A	P	G	C	L	H
L	L	I	H	E	V	L	A	P	G	C	L	D	H
L	I	H	E	V	L	A	P	G	C	L	D	A	L
I	H	E	V	L	A	P	G	C	L	D	A	F	L
H	E	V	L	A	P	G	C	L	D	A	F	P	L
E	V	L	A	P	G	C	L	D	A	F	P	L	H
V	L	A	P	G	C	L	D	A	F	P	L	L	H
L	A	P	G	C	L	D	A	F	P	L	L	S	H
A	P	G	C	L	D	A	F	P	L	L	S	A	H
P	G	C	L	D	A	F	P	L	L	S	A	Y	L
G	C	L	D	A	F	P	L	L	S	A	Y	V	H
C	L	D	A	F	P	L	L	S	A	Y	V	G	H
L	D	A	F	P	L	L	S	A	Y	V	G	R	H
D	A	F	P	L	L	S	A	Y	V	G	R	L	H
A	F	P	L	L	S	A	Y	V	G	R	L	S	H
F	P	L	L	S	A	Y	V	G	R	L	S	A	H
P	L	L	S	A	Y	V	G	R	L	S	A	R	H
L	L	S	A	Y	V	G	R	L	S	A	R	P	H
L	S	A	Y	V	G	R	L	S	A	R	P	K	H
S	A	Y	V	G	R	L	S	A	R	P	K	L	H
A	Y	V	G	R	L	S	A	R	P	K	L	K	H
Y	V	G	R	L	S	A	R	P	K	L	K	A	L
V	G	R	L	S	A	R	P	K	L	K	A	F	L
G	R	L	S	A	R	P	K	L	K	A	F	L	H
R	L	S	A	R	P	K	L	K	A	F	L	A	H
L	S	A	R	P	K	L	K	A	F	L	A	S	H
S	A	R	P	K	L	K	A	F	L	A	S	P	H
A	R	P	K	L	K	A	F	L	A	S	P	E	H
R	P	K	L	K	A	F	L	A	S	P	E	Y	H
P	K	L	K	A	F	L	A	S	P	E	Y	V	H
K	L	K	A	F	L	A	S	P	E	Y	V	N	H
L	K	A	F	L	A	S	P	E	Y	V	N	L	L
K	A	F	L	A	S	P	E	Y	V	N	L	P	H
A	F	L	A	S	P	E	Y	V	N	L	P	I	H
F	L	A	S	P	E	Y	V	N	L	P	I	N	H
L	A	S	P	E	Y	V	N	L	P	I	N	G	H
A	S	P	E	Y	V	N	L	P	I	N	G	N	L
S	P	E	Y	V	N	L	P	I	N	G	N	G	L
P	E	Y	V	N	L	P	I	N	G	N	G	K	L
E	Y	V	N	L	P	I	N	G	N	G	K	Q	L
Y	V	N	L	P	I	N	G	N	G	K	Q	P	L
V	N	L	P	I	N	G	N	G	K	Q	P	Y	L
N	L	P	I	N	G	N	G	K	Q	P	Y	T	L
L	P	I	N	G	N	G	K	Q	P	Y	T	V	L
P	I	N	G	N	G	K	Q	P	Y	T	V	V	L
I	N	G	N	G	K	Q	P	Y	T	V	V	Y	L
N	G	N	G	K	Q	P	Y	T	V	V	Y	F	L
G	N	G	K	Q	P	Y	T	V	V	Y	F	P	S
N	G	K	Q	P	Y	T	V	V	Y	F	P	V	S
G	K	Q	P	Y	T	V	V	Y	F	P	V	R	S
K	Q	P	Y	T	V	V	Y	F	P	V	R	G	S
Q	P	Y	T	V	V	Y	F	P	V	R	G	R	S
P	Y	T	V	V	Y	F	P	V	R	G	R	C	S
Y	T	V	V	Y	F	P	V	R	G	R	C	A	L
T	V	V	Y	F	P	V	R	G	R	C	A	A	L
V	V	Y	F	P	V	R	G	R	C	A	A	L	L
V	Y	F	P	V	R	G	R	C	A	A	L	R	H
Y	F	P	V	R	G	R	C	A	A	L	R	M	H
F	P	V	R	G	R	C	A	A	L	R	M	L	H
P	V	R	G	R	C	A	A	L	R	M	L	L	H
V	R	G	R	C	A	A	L	R	M	L	L	A	H
R	G	R	C	A	A	L	R	M	L	L	A	D	H
G	R	C	A	A	L	R	M	L	L	A	D	Q	H
R	C	A	A	L	R	M	L	L	A	D	Q	G	H
C	A	A	L	R	M	L	L	A	D	Q	G	Q	H
A	A	L	R	M	L	L	A	D	Q	G	Q	S	H
A	L	R	M	L	L	A	D	Q	G	Q	S	W	H
L	R	M	L	L	A	D	Q	G	Q	S	W	K	H
R	M	L	L	A	D	Q	G	Q	S	W	K	E	L
M	L	L	A	D	Q	G	Q	S	W	K	E	E	L
L	L	A	D	Q	G	Q	S	W	K	E	E	V	L
L	A	D	Q	G	Q	S	W	K	E	E	V	V	L
A	D	Q	G	Q	S	W	K	E	E	V	V	T	S
D	Q	G	Q	S	W	K	E	E	V	V	T	V	S
Q	G	Q	S	W	K	E	E	V	V	T	V	E	S
G	Q	S	W	K	E	E	V	V	T	V	E	T	S
Q	S	W	K	E	E	V	V	T	V	E	T	W	S
S	W	K	E	E	V	V	T	V	E	T	W	Q	S
W	K	E	E	V	V	T	V	E	T	W	Q	E	L
K	E	E	V	V	T	V	E	T	W	Q	E	G	H
E	E	V	V	T	V	E	T	W	Q	E	G	S	H
E	V	V	T	V	E	T	W	Q	E	G	S	L	H
V	V	T	V	E	T	W	Q	E	G	S	L	K	H
V	T	V	E	T	W	Q	E	G	S	L	K	A	H
T	V	E	T	W	Q	E	G	S	L	K	A	S	H
V	E	T	W	Q	E	G	S	L	K	A	S	C	L
E	T	W	Q	E	G	S	L	K	A	S	C	L	H
T	W	Q	E	G	S	L	K	A	S	C	L	Y	H
W	Q	E	G	S	L	K	A	S	C	L	Y	G	H
Q	E	G	S	L	K	A	S	C	L	Y	G	Q	H
E	G	S	L	K	A	S	C	L	Y	G	Q	L	H
G	S	L	K	A	S	C	L	Y	G	Q	L	P	L
S	L	K	A	S	C	L	Y	G	Q	L	P	K	L
L	K	A	S	C	L	Y	G	Q	L	P	K	F	L
K	A	S	C	L	Y	G	Q	L	P	K	F	Q	L
A	S	C	L	Y	G	Q	L	P	K	F	Q	D	L
S	C	L	Y	G	Q	L	P	K	F	Q	D	G	L
C	L	Y	G	Q	L	P	K	F	Q	D	G	D	L
L	Y	G	Q	L	P	K	F	Q	D	G	D	L	S
Y	G	Q	L	P	K	F	Q	D	G	D	L	T	S
G	Q	L	P	K	F	Q	D	G	D	L	T	L	S
Q	L	P	K	F	Q	D	G	D	L	T	L	Y	S
L	P	K	F	Q	D	G	D	L	T	L	Y	Q	L
P	K	F	Q	D	G	D	L	T	L	Y	Q	S	L
K	F	Q	D	G	D	L	T	L	Y	Q	S	N	S
F	Q	D	G	D	L	T	L	Y	Q	S	N	T	S
Q	D	G	D	L	T	L	Y	Q	S	N	T	I	S
D	G	D	L	T	L	Y	Q	S	N	T	I	L	S
G	D	L	T	L	Y	Q	S	N	T	I	L	R	L
D	L	T	L	Y	Q	S	N	T	I	L	R	H	H
L	T	L	Y	Q	S	N	T	I	L	R	H	L	H
T	L	Y	Q	S	N	T	I	L	R	H	L	G	H
L	Y	Q	S	N	T	I	L	R	H	L	G	R	H
Y	Q	S	N	T	I	L	R	H	L	G	R	T	H
Q	S	N	T	I	L	R	H	L	G	R	T	L	H
S	N	T	I	L	R	H	L	G	R	T	L	G	H
N	T	I	L	R	H	L	G	R	T	L	G	L	H
T	I	L	R	H	L	G	R	T	L	G	L	Y	H
I	L	R	H	L	G	R	T	L	G	L	Y	G	H
L	R	H	L	G	R	T	L	G	L	Y	G	K	H
R	H	L	G	R	T	L	G	L	Y	G	K	D	H
H	L	G	R	T	L	G	L	Y	G	K	D	Q	L
L	G	R	T	L	G	L	Y	G	K	D	Q	Q	L
G	R	T	L	G	L	Y	G	K	D	Q	Q	E	L
R	T	L	G	L	Y	G	K	D	Q	Q	E	A	L
T	L	G	L	Y	G	K	D	Q	Q	E	A	A	L
L	G	L	Y	G	K	D	Q	Q	E	A	A	L	L
G	L	Y	G	K	D	Q	Q	E	A	A	L	V	H
L	Y	G	K	D	Q	Q	E	A	A	L	V	D	H
Y	G	K	D	Q	Q	E	A	A	L	V	D	M	H
G	K	D	Q	Q	E	A	A	L	V	D	M	V	H
K	D	Q	Q	E	A	A	L	V	D	M	V	N	H
D	Q	Q	E	A	A	L	V	D	M	V	N	D	H
Q	Q	E	A	A	L	V	D	M	V	N	D	G	H
Q	E	A	A	L	V	D	M	V	N	D	G	V	H
E	A	A	L	V	D	M	V	N	D	G	V	E	H
A	A	L	V	D	M	V	N	D	G	V	E	D	H
A	L	V	D	M	V	N	D	G	V	E	D	L	H
L	V	D	M	V	N	D	G	V	E	D	L	R	H
V	D	M	V	N	D	G	V	E	D	L	R	C	H
D	M	V	N	D	G	V	E	D	L	R	C	K	H
M	V	N	D	G	V	E	D	L	R	C	K	Y	H
V	N	D	G	V	E	D	L	R	C	K	Y	I	H
N	D	G	V	E	D	L	R	C	K	Y	I	S	H
D	G	V	E	D	L	R	C	K	Y	I	S	L	H
G	V	E	D	L	R	C	K	Y	I	S	L	I	H
V	E	D	L	R	C	K	Y	I	S	L	I	Y	H
E	D	L	R	C	K	Y	I	S	L	I	Y	T	H
D	L	R	C	K	Y	I	S	L	I	Y	T	N	H
L	R	C	K	Y	I	S	L	I	Y	T	N	Y	H
R	C	K	Y	I	S	L	I	Y	T	N	Y	E	H
C	K	Y	I	S	L	I	Y	T	N	Y	E	A	H
K	Y	I	S	L	I	Y	T	N	Y	E	A	G	H
Y	I	S	L	I	Y	T	N	Y	E	A	G	K	H
I	S	L	I	Y	T	N	Y	E	A	G	K	D	L
S	L	I	Y	T	N	Y	E	A	G	K	D	D	H
L	I	Y	T	N	Y	E	A	G	K	D	D	Y	H
I	Y	T	N	Y	E	A	G	K	D	D	Y	V	H
Y	T	N	Y	E	A	G	K	D	D	Y	V	K	H
T	N	Y	E	A	G	K	D	D	Y	V	K	A	H
N	Y	E	A	G	K	D	D	Y	V	K	A	L	H
Y	E	A	G	K	D	D	Y	V	K	A	L	P	H
E	A	G	K	D	D	Y	V	K	A	L	P	G	H
A	G	K	D	D	Y	V	K	A	L	P	G	Q	H
G	K	D	D	Y	V	K	A	L	P	G	Q	L	H
K	D	D	Y	V	K	A	L	P	G	Q	L	K	H
D	D	Y	V	K	A	L	P	G	Q	L	K	P	H
D	Y	V	K	A	L	P	G	Q	L	K	P	F	H
Y	V	K	A	L	P	G	Q	L	K	P	F	E	H
V	K	A	L	P	G	Q	L	K	P	F	E	T	H
K	A	L	P	G	Q	L	K	P	F	E	T	L	H
A	L	P	G	Q	L	K	P	F	E	T	L	L	H
L	P	G	Q	L	K	P	F	E	T	L	L	S	H
P	G	Q	L	K	P	F	E	T	L	L	S	Q	H
G	Q	L	K	P	F	E	T	L	L	S	Q	N	H
Q	L	K	P	F	E	T	L	L	S	Q	N	Q	H
L	K	P	F	E	T	L	L	S	Q	N	Q	G	H
K	P	F	E	T	L	L	S	Q	N	Q	G	G	H
P	F	E	T	L	L	S	Q	N	Q	G	G	K	H
F	E	T	L	L	S	Q	N	Q	G	G	K	T	H
E	T	L	L	S	Q	N	Q	G	G	K	T	F	L
T	L	L	S	Q	N	Q	G	G	K	T	F	I	H
L	L	S	Q	N	Q	G	G	K	T	F	I	V	H
L	S	Q	N	Q	G	G	K	T	F	I	V	G	H
S	Q	N	Q	G	G	K	T	F	I	V	G	D	L
Q	N	Q	G	G	K	T	F	I	V	G	D	Q	L
N	Q	G	G	K	T	F	I	V	G	D	Q	I	L
Q	G	G	K	T	F	I	V	G	D	Q	I	S	L
G	G	K	T	F	I	V	G	D	Q	I	S	F	L
G	K	T	F	I	V	G	D	Q	I	S	F	A	L
K	T	F	I	V	G	D	Q	I	S	F	A	D	L
T	F	I	V	G	D	Q	I	S	F	A	D	Y	L
F	I	V	G	D	Q	I	S	F	A	D	Y	N	L
I	V	G	D	Q	I	S	F	A	D	Y	N	L	L
V	G	D	Q	I	S	F	A	D	Y	N	L	L	H
G	D	Q	I	S	F	A	D	Y	N	L	L	D	H
D	Q	I	S	F	A	D	Y	N	L	L	D	L	H
Q	I	S	F	A	D	Y	N	L	L	D	L	L	H
I	S	F	A	D	Y	N	L	L	D	L	L	L	H
S	F	A	D	Y	N	L	L	D	L	L	L	I	H
F	A	D	Y	N	L	L	D	L	L	L	I	H	H
A	D	Y	N	L	L	D	L	L	L	I	H	E	H
D	Y	N	L	L	D	L	L	L	I	H	E	V	H
Y	N	L	L	D	L	L	L	I	H	E	V	L	H
N	L	L	D	L	L	L	I	H	E	V	L	A	H
L	L	D	L	L	L	I	H	E	V	L	A	P	H
L	D	L	L	L	I	H	E	V	L	A	P	G	H
D	L	L	L	I	H	E	V	L	A	P	G	C	H
L	L	L	I	H	E	V	L	A	P	G	C	L	H
L	L	I	H	E	V	L	A	P	G	C	L	D	H
L	I	H	E	V	L	A	P	G	C	L	D	A	L
I	H	E	V	L	A	P	G	C	L	D	A	F	L
H	E	V	L	A	P	G	C	L	D	A	F	P	L
E	V	L	A	P	G	C	L	D	A	F	P	L	L
V	L	A	P	G	C	L	D	A	F	P	L	L	L
L	A	P	G	C	L	D	A	F	P	L	L	S	L
A	P	G	C	L	D	A	F	P	L	L	S	A	L
P	G	C	L	D	A	F	P	L	L	S	A	Y	L
G	C	L	D	A	F	P	L	L	S	A	Y	V	H
C	L	D	A	F	P	L	L	S	A	Y	V	G	H
L	D	A	F	P	L	L	S	A	Y	V	G	R	H
D	A	F	P	L	L	S	A	Y	V	G	R	L	H
A	F	P	L	L	S	A	Y	V	G	R	L	S	H
F	P	L	L	S	A	Y	V	G	R	L	S	A	H
P	L	L	S	A	Y	V	G	R	L	S	A	R	H
L	L	S	A	Y	V	G	R	L	S	A	R	P	H
L	S	A	Y	V	G	R	L	S	A	R	P	K	H
S	A	Y	V	G	R	L	S	A	R	P	K	L	H
A	Y	V	G	R	L	S	A	R	P	K	L	K	H
Y	V	G	R	L	S	A	R	P	K	L	K	A	L
V	G	R	L	S	A	R	P	K	L	K	A	F	L
G	R	L	S	A	R	P	K	L	K	A	F	L	H
R	L	S	A	R	P	K	L	K	A	F	L	A	H
L	S	A	R	P	K	L	K	A	F	L	A	S	H
S	A	R	P	K	L	K	A	F	L	A	S	P	H
A	R	P	K	L	K	A	F	L	A	S	P	E	H
R	P	K	L	K	A	F	L	A	S	P	E	Y	H
P	K	L	K	A	F	L	A	S	P	E	Y	V	H
K	L	K	A	F	L	A	S	P	E	Y	V	N	H
L	K	A	F	L	A	S	P	E	Y	V	N	L	L
K	A	F	L	A	S	P	E	Y	V	N	L	P	H
A	F	L	A	S	P	E	Y	V	N	L	P	I	H
F	L	A	S	P	E	Y	V	N	L	P	I	N	H
L	A	S	P	E	Y	V	N	L	P	I	N	G	H
A	S	P	E	Y	V	N	L	P	I	N	G	N	L
S	P	E	Y	V	N	L	P	I	N	G	N	G	L
P	E	Y	V	N	L	P	I	N	G	N	G	K	L
E	Y	V	N	L	P	I	N	G	N	G	K	Q	L
Y	V	N	L	P	I	N	G	N	G	K	Q	E	L
V	N	L	P	I	N	G	N	G	K	Q	E	G	L
N	L	P	I	N	G	N	G	K	Q	E	G	E	L
L	P	I	N	G	N	G	K	Q	E	G	E	G	L
V	L	S	P	A	D	K	T	N	V	K	A	A	H
L	S	P	A	D	K	T	N	V	K	A	A	W	H
S	P	A	D	K	T	N	V	K	A	A	W	G	H
P	A	D	K	T	N	V	K	A	A	W	G	K	H
A	D	K	T	N	V	K	A	A	W	G	K	V	H
D	K	T	N	V	K	A	A	W	G	K	V	G	H
K	T	N	V	K	A	A	W	G	K	V	G	A	H
T	N	V	K	A	A	W	G	K	V	G	A	H	H
N	V	K	A	A	W	G	K	V	G	A	H	A	H
V	K	A	A	W	G	K	V	G	A	H	A	G	H
K	A	A	W	G	K	V	G	A	H	A	G	E	H
A	A	W	G	K	V	G	A	H	A	G	E	Y	H
A	W	G	K	V	G	A	H	A	G	E	Y	G	L
W	G	K	V	G	A	H	A	G	E	Y	G	A	H
G	K	V	G	A	H	A	G	E	Y	G	A	E	H
K	V	G	A	H	A	G	E	Y	G	A	E	A	H
V	G	A	H	A	G	E	Y	G	A	E	A	L	H
G	A	H	A	G	E	Y	G	A	E	A	L	E	H
A	H	A	G	E	Y	G	A	E	A	L	E	R	H
H	A	G	E	Y	G	A	E	A	L	E	R	M	H
A	G	E	Y	G	A	E	A	L	E	R	M	F	H
G	E	Y	G	A	E	A	L	E	R	M	F	L	H
E	Y	G	A	E	A	L	E	R	M	F	L	S	H
Y	G	A	E	A	L	E	R	M	F	L	S	F	H
G	A	E	A	L	E	R	M	F	L	S	F	P	H
A	E	A	L	E	R	M	F	L	S	F	P	T	H
E	A	L	E	R	M	F	L	S	F	P	T	T	H
A	L	E	R	M	F	L	S	F	P	T	T	K	H
L	E	R	M	F	L	S	F	P	T	T	K	T	H
E	R	M	F	L	S	F	P	T	T	K	T	Y	L
R	M	F	L	S	F	P	T	T	K	T	Y	F	H
M	F	L	S	F	P	T	T	K	T	Y	F	P	H
F	L	S	F	P	T	T	K	T	Y	F	P	H	H
L	S	F	P	T	T	K	T	Y	F	P	H	F	H
S	F	P	T	T	K	T	Y	F	P	H	F	D	H
F	P	T	T	K	T	Y	F	P	H	F	D	L	H
P	T	T	K	T	Y	F	P	H	F	D	L	S	L
T	T	K	T	Y	F	P	H	F	D	L	S	H	L
T	K	T	Y	F	P	H	F	D	L	S	H	G	L
K	T	Y	F	P	H	F	D	L	S	H	G	S	L
T	Y	F	P	H	F	D	L	S	H	G	S	A	L
Y	F	P	H	F	D	L	S	H	G	S	A	Q	L
F	P	H	F	D	L	S	H	G	S	A	Q	V	L
P	H	F	D	L	S	H	G	S	A	Q	V	K	L
H	F	D	L	S	H	G	S	A	Q	V	K	G	L
F	D	L	S	H	G	S	A	Q	V	K	G	H	L
D	L	S	H	G	S	A	Q	V	K	G	H	G	H
L	S	H	G	S	A	Q	V	K	G	H	G	K	H
S	H	G	S	A	Q	V	K	G	H	G	K	K	H
H	G	S	A	Q	V	K	G	H	G	K	K	V	H
G	S	A	Q	V	K	G	H	G	K	K	V	A	H
S	A	Q	V	K	G	H	G	K	K	V	A	D	H
A	Q	V	K	G	H	G	K	K	V	A	D	A	H
Q	V	K	G	H	G	K	K	V	A	D	A	L	H
V	K	G	H	G	K	K	V	A	D	A	L	T	H
K	G	H	G	K	K	V	A	D	A	L	T	N	H
G	H	G	K	K	V	A	D	A	L	T	N	A	H
H	G	K	K	V	A	D	A	L	T	N	A	V	H
G	K	K	V	A	D	A	L	T	N	A	V	A	H
K	K	V	A	D	A	L	T	N	A	V	A	H	H
K	V	A	D	A	L	T	N	A	V	A	H	V	H
V	A	D	A	L	T	N	A	V	A	H	V	D	H
A	D	A	L	T	N	A	V	A	H	V	D	D	H
D	A	L	T	N	A	V	A	H	V	D	D	M	H
A	L	T	N	A	V	A	H	V	D	D	M	P	H
L	T	N	A	V	A	H	V	D	D	M	P	N	L
T	N	A	V	A	H	V	D	D	M	P	N	A	H
N	A	V	A	H	V	D	D	M	P	N	A	L	H
A	V	A	H	V	D	D	M	P	N	A	L	S	H
V	A	H	V	D	D	M	P	N	A	L	S	A	H
A	H	V	D	D	M	P	N	A	L	S	A	L	H
H	V	D	D	M	P	N	A	L	S	A	L	S	H
V	D	D	M	P	N	A	L	S	A	L	S	D	H
D	D	M	P	N	A	L	S	A	L	S	D	L	L
D	M	P	N	A	L	S	A	L	S	D	L	H	H
M	P	N	A	L	S	A	L	S	D	L	H	A	H
P	N	A	L	S	A	L	S	D	L	H	A	H	H
N	A	L	S	A	L	S	D	L	H	A	H	K	H
A	L	S	A	L	S	D	L	H	A	H	K	L	H
L	S	A	L	S	D	L	H	A	H	K	L	R	H
S	A	L	S	D	L	H	A	H	K	L	R	V	H
A	L	S	D	L	H	A	H	K	L	R	V	D	H
L	S	D	L	H	A	H	K	L	R	V	D	P	H
S	D	L	H	A	H	K	L	R	V	D	P	V	L
D	L	H	A	H	K	L	R	V	D	P	V	N	L
L	H	A	H	K	L	R	V	D	P	V	N	F	L
H	A	H	K	L	R	V	D	P	V	N	F	K	L
A	H	K	L	R	V	D	P	V	N	F	K	L	L
H	K	L	R	V	D	P	V	N	F	K	L	L	H
K	L	R	V	D	P	V	N	F	K	L	L	S	H
L	R	V	D	P	V	N	F	K	L	L	S	H	H
R	V	D	P	V	N	F	K	L	L	S	H	C	H
V	D	P	V	N	F	K	L	L	S	H	C	L	H
D	P	V	N	F	K	L	L	S	H	C	L	L	H
P	V	N	F	K	L	L	S	H	C	L	L	V	H
V	N	F	K	L	L	S	H	C	L	L	V	T	H
N	F	K	L	L	S	H	C	L	L	V	T	L	H
F	K	L	L	S	H	C	L	L	V	T	L	A	H
K	L	L	S	H	C	L	L	V	T	L	A	A	H
L	L	S	H	C	L	L	V	T	L	A	A	H	H
L	S	H	C	L	L	V	T	L	A	A	H	L	H
S	H	C	L	L	V	T	L	A	A	H	L	P	H
H	C	L	L	V	T	L	A	A	H	L	P	A	H
C	L	L	V	T	L	A	A	H	L	P	A	E	H
L	L	V	T	L	A	A	H	L	P	A	E	F	H
L	V	T	L	A	A	H	L	P	A	E	F	T	H
V	T	L	A	A	H	L	P	A	E	F	T	P	L
T	L	A	A	H	L	P	A	E	F	T	P	A	L
L	A	A	H	L	P	A	E	F	T	P	A	V	L
A	A	H	L	P	A	E	F	T	P	A	V	H	L
A	H	L	P	A	E	F	T	P	A	V	H	A	L
H	L	P	A	E	F	T	P	A	V	H	A	S	L
L	P	A	E	F	T	P	A	V	H	A	S	L	H
P	A	E	F	T	P	A	V	H	A	S	L	D	H
A	E	F	T	P	A	V	H	A	S	L	D	K	H
E	F	T	P	A	V	H	A	S	L	D	K	F	H
F	T	P	A	V	H	A	S	L	D	K	F	L	H
T	P	A	V	H	A	S	L	D	K	F	L	A	H
P	A	V	H	A	S	L	D	K	F	L	A	S	H
A	V	H	A	S	L	D	K	F	L	A	S	V	H
V	H	A	S	L	D	K	F	L	A	S	V	S	H
H	A	S	L	D	K	F	L	A	S	V	S	T	H
A	S	L	D	K	F	L	A	S	V	S	T	V	H
S	L	D	K	F	L	A	S	V	S	T	V	L	H
L	D	K	F	L	A	S	V	S	T	V	L	T	H
D	K	F	L	A	S	V	S	T	V	L	T	S	H
K	F	L	A	S	V	S	T	V	L	T	S	K	H
F	L	A	S	V	S	T	V	L	T	S	K	Y	H
L	A	S	V	S	T	V	L	T	S	K	Y	R	H
A	S	V	S	T	V	L	T	S	K	Y	R	M	H
S	V	S	T	V	L	T	S	K	Y	R	M	H	L
V	S	T	V	L	T	S	K	Y	R	M	H	L	L
S	T	V	L	T	S	K	Y	R	M	H	L	T	L
T	V	L	T	S	K	Y	R	M	H	L	T	P	L
V	L	T	S	K	Y	R	M	H	L	T	P	E	L
L	T	S	K	Y	R	M	H	L	T	P	E	E	L
T	S	K	Y	R	M	H	L	T	P	E	E	K	L
S	K	Y	R	M	H	L	T	P	E	E	K	S	L
K	Y	R	M	H	L	T	P	E	E	K	S	A	L
Y	R	M	H	L	T	P	E	E	K	S	A	V	H
R	M	H	L	T	P	E	E	K	S	A	V	T	H
M	H	L	T	P	E	E	K	S	A	V	T	A	H
H	L	T	P	E	E	K	S	A	V	T	A	L	H
L	T	P	E	E	K	S	A	V	T	A	L	W	H
T	P	E	E	K	S	A	V	T	A	L	W	G	H
P	E	E	K	S	A	V	T	A	L	W	G	K	H
E	E	K	S	A	V	T	A	L	W	G	K	V	H
E	K	S	A	V	T	A	L	W	G	K	V	N	H
K	S	A	V	T	A	L	W	G	K	V	N	V	H
S	A	V	T	A	L	W	G	K	V	N	V	D	H
A	V	T	A	L	W	G	K	V	N	V	D	E	H
V	T	A	L	W	G	K	V	N	V	D	E	V	H
T	A	L	W	G	K	V	N	V	D	E	V	G	L
A	L	W	G	K	V	N	V	D	E	V	G	G	L
L	W	G	K	V	N	V	D	E	V	G	G	E	H
W	G	K	V	N	V	D	E	V	G	G	E	A	H
G	K	V	N	V	D	E	V	G	G	E	A	L	H
K	V	N	V	D	E	V	G	G	E	A	L	G	H
V	N	V	D	E	V	G	G	E	A	L	G	R	H
N	V	D	E	V	G	G	E	A	L	G	R	L	H
V	D	E	V	G	G	E	A	L	G	R	L	L	H
D	E	V	G	G	E	A	L	G	R	L	L	V	H
E	V	G	G	E	A	L	G	R	L	L	V	V	H
V	G	G	E	A	L	G	R	L	L	V	V	Y	H
G	G	E	A	L	G	R	L	L	V	V	Y	P	H
G	E	A	L	G	R	L	L	V	V	Y	P	A	H
E	A	L	G	R	L	L	V	V	Y	P	A	T	H
A	L	G	R	L	L	V	V	Y	P	A	T	Q	H
L	G	R	L	L	V	V	Y	P	A	T	Q	R	H
G	R	L	L	V	V	Y	P	A	T	Q	R	F	L
R	L	L	V	V	Y	P	A	T	Q	R	F	F	H
L	L	V	V	Y	P	A	T	Q	R	F	F	E	H
L	V	V	Y	P	A	T	Q	R	F	F	E	S	H
V	V	Y	P	A	T	Q	R	F	F	E	S	F	H
V	Y	P	A	T	Q	R	F	F	E	S	F	G	H
Y	P	A	T	Q	R	F	F	E	S	F	G	D	H
P	A	T	Q	R	F	F	E	S	F	G	D	L	L
A	T	Q	R	F	F	E	S	F	G	D	L	S	H
T	Q	R	F	F	E	S	F	G	D	L	S	T	H
Q	R	F	F	E	S	F	G	D	L	S	T	P	H
R	F	F	E	S	F	G	D	L	S	T	P	D	L
F	F	E	S	F	G	D	L	S	T	P	D	A	L
F	E	S	F	G	D	L	S	T	P	D	A	V	L
E	S	F	G	D	L	S	T	P	D	A	V	M	L
S	F	G	D	L	S	T	P	D	A	V	M	G	L
F	G	D	L	S	T	P	D	A	V	M	G	N	H
G	D	L	S	T	P	D	A	V	M	G	N	P	H
D	L	S	T	P	D	A	V	M	G	N	P	K	H
L	S	T	P	D	A	V	M	G	N	P	K	V	H
S	T	P	D	A	V	M	G	N	P	K	V	K	H
T	P	D	A	V	M	G	N	P	K	V	K	A	L
P	D	A	V	M	G	N	P	K	V	K	A	H	L
D	A	V	M	G	N	P	K	V	K	A	H	G	H
A	V	M	G	N	P	K	V	K	A	H	G	K	H
V	M	G	N	P	K	V	K	A	H	G	K	K	H
M	G	N	P	K	V	K	A	H	G	K	K	V	H
G	N	P	K	V	K	A	H	G	K	K	V	L	H
N	P	K	V	K	A	H	G	K	K	V	L	G	H
P	K	V	K	A	H	G	K	K	V	L	G	A	H
K	V	K	A	H	G	K	K	V	L	G	A	F	H
V	K	A	H	G	K	K	V	L	G	A	F	S	H
K	A	H	G	K	K	V	L	G	A	F	S	D	H
A	H	G	K	K	V	L	G	A	F	S	D	G	H
H	G	K	K	V	L	G	A	F	S	D	G	L	H
G	K	K	V	L	G	A	F	S	D	G	L	A	H
K	K	V	L	G	A	F	S	D	G	L	A	H	H
K	V	L	G	A	F	S	D	G	L	A	H	L	H
V	L	G	A	F	S	D	G	L	A	H	L	D	H
L	G	A	F	S	D	G	L	A	H	L	D	N	H
G	A	F	S	D	G	L	A	H	L	D	N	L	H
A	F	S	D	G	L	A	H	L	D	N	L	K	H
F	S	D	G	L	A	H	L	D	N	L	K	G	H
S	D	G	L	A	H	L	D	N	L	K	G	T	L
D	G	L	A	H	L	D	N	L	K	G	T	F	L
G	L	A	H	L	D	N	L	K	G	T	F	A	L
L	A	H	L	D	N	L	K	G	T	F	A	T	H
A	H	L	D	N	L	K	G	T	F	A	T	L	H
H	L	D	N	L	K	G	T	F	A	T	L	S	H
L	D	N	L	K	G	T	F	A	T	L	S	E	H
D	N	L	K	G	T	F	A	T	L	S	E	L	H
N	L	K	G	T	F	A	T	L	S	E	L	H	H
L	K	G	T	F	A	T	L	S	E	L	H	C	H
K	G	T	F	A	T	L	S	E	L	H	C	D	H
G	T	F	A	T	L	S	E	L	H	C	D	K	H
T	F	A	T	L	S	E	L	H	C	D	K	L	H
F	A	T	L	S	E	L	H	C	D	K	L	H	H
A	T	L	S	E	L	H	C	D	K	L	H	V	H
T	L	S	E	L	H	C	D	K	L	H	V	D	H
L	S	E	L	H	C	D	K	L	H	V	D	P	H
S	E	L	H	C	D	K	L	H	V	D	P	E	L
E	L	H	C	D	K	L	H	V	D	P	E	N	L
L	H	C	D	K	L	H	V	D	P	E	N	F	L
H	C	D	K	L	H	V	D	P	E	N	F	R	L
C	D	K	L	H	V	D	P	E	N	F	R	L	L
D	K	L	H	V	D	P	E	N	F	R	L	L	H
K	L	H	V	D	P	E	N	F	R	L	L	G	H
L	H	V	D	P	E	N	F	R	L	L	G	N	H
H	V	D	P	E	N	F	R	L	L	G	N	V	H
V	D	P	E	N	F	R	L	L	G	N	V	L	H
D	P	E	N	F	R	L	L	G	N	V	L	V	H
P	E	N	F	R	L	L	G	N	V	L	V	C	H
E	N	F	R	L	L	G	N	V	L	V	C	V	H
N	F	R	L	L	G	N	V	L	V	C	V	L	H
F	R	L	L	G	N	V	L	V	C	V	L	A	H
R	L	L	G	N	V	L	V	C	V	L	A	H	H
L	L	G	N	V	L	V	C	V	L	A	H	H	H
L	G	N	V	L	V	C	V	L	A	H	H	F	H
G	N	V	L	V	C	V	L	A	H	H	F	G	H
N	V	L	V	C	V	L	A	H	H	F	G	K	H
V	L	V	C	V	L	A	H	H	F	G	K	E	H
L	V	C	V	L	A	H	H	F	G	K	E	F	H
V	C	V	L	A	H	H	F	G	K	E	F	T	H
C	V	L	A	H	H	F	G	K	E	F	T	P	H
V	L	A	H	H	F	G	K	E	F	T	P	P	H
L	A	H	H	F	G	K	E	F	T	P	P	V	H
A	H	H	F	G	K	E	F	T	P	P	V	Q	H
H	H	F	G	K	E	F	T	P	P	V	Q	A	L
H	F	G	K	E	F	T	P	P	V	Q	A	A	L
F	G	K	E	F	T	P	P	V	Q	A	A	Y	H
G	K	E	F	T	P	P	V	Q	A	A	Y	Q	H
K	E	F	T	P	P	V	Q	A	A	Y	Q	K	H
E	F	T	P	P	V	Q	A	A	Y	Q	K	V	H
F	T	P	P	V	Q	A	A	Y	Q	K	V	V	H
T	P	P	V	Q	A	A	Y	Q	K	V	V	A	H
P	P	V	Q	A	A	Y	Q	K	V	V	A	G	H
P	V	Q	A	A	Y	Q	K	V	V	A	G	V	H
V	Q	A	A	Y	Q	K	V	V	A	G	V	A	H
Q	A	A	Y	Q	K	V	V	A	G	V	A	N	H
A	A	Y	Q	K	V	V	A	G	V	A	N	A	H
A	Y	Q	K	V	V	A	G	V	A	N	A	L	H
Y	Q	K	V	V	A	G	V	A	N	A	L	A	H
Q	K	V	V	A	G	V	A	N	A	L	A	H	H
K	V	V	A	G	V	A	N	A	L	A	H	K	H
V	V	A	G	V	A	N	A	L	A	H	K	Y	H
V	A	G	V	A	N	A	L	A	H	K	Y	H	H
A	G	V	A	N	A	L	A	H	K	Y	H	V	H
G	V	A	N	A	L	A	H	K	Y	H	V	L	H
V	A	N	A	L	A	H	K	Y	H	V	L	S	L
A	N	A	L	A	H	K	Y	H	V	L	S	P	L
N	A	L	A	H	K	Y	H	V	L	S	P	A	L
A	L	A	H	K	Y	H	V	L	S	P	A	D	L
L	A	H	K	Y	H	V	L	S	P	A	D	K	L
A	H	K	Y	H	V	L	S	P	A	D	K	T	L
H	K	Y	H	V	L	S	P	A	D	K	T	N	L
K	Y	H	V	L	S	P	A	D	K	T	N	V	H
Y	H	V	L	S	P	A	D	K	T	N	V	K	H
H	V	L	S	P	A	D	K	T	N	V	K	A	H
V	L	S	P	A	D	K	T	N	V	K	A	A	H
L	S	P	A	D	K	T	N	V	K	A	A	W	H
S	P	A	D	K	T	N	V	K	A	A	W	G	H
P	A	D	K	T	N	V	K	A	A	W	G	K	H
A	D	K	T	N	V	K	A	A	W	G	K	V	H
D	K	T	N	V	K	A	A	W	G	K	V	G	H
K	T	N	V	K	A	A	W	G	K	V	G	A	H
T	N	V	K	A	A	W	G	K	V	G	A	H	H
N	V	K	A	A	W	G	K	V	G	A	H	A	H
V	K	A	A	W	G	K	V	G	A	H	A	G	H
K	A	A	W	G	K	V	G	A	H	A	G	E	H
A	A	W	G	K	V	G	A	H	A	G	E	Y	H
A	W	G	K	V	G	A	H	A	G	E	Y	G	L
W	G	K	V	G	A	H	A	G	E	Y	G	A	H
G	K	V	G	A	H	A	G	E	Y	G	A	E	H
K	V	G	A	H	A	G	E	Y	G	A	E	A	H
V	G	A	H	A	G	E	Y	G	A	E	A	L	H
G	A	H	A	G	E	Y	G	A	E	A	L	E	H
A	H	A	G	E	Y	G	A	E	A	L	E	R	H
H	A	G	E	Y	G	A	E	A	L	E	R	M	H
A	G	E	Y	G	A	E	A	L	E	R	M	F	H
G	E	Y	G	A	E	A	L	E	R	M	F	L	H
E	Y	G	A	E	A	L	E	R	M	F	L	S	H
Y	G	A	E	A	L	E	R	M	F	L	S	F	H
G	A	E	A	L	E	R	M	F	L	S	F	P	H
A	E	A	L	E	R	M	F	L	S	F	P	T	H
E	A	L	E	R	M	F	L	S	F	P	T	T	H
A	L	E	R	M	F	L	S	F	P	T	T	K	H
L	E	R	M	F	L	S	F	P	T	T	K	T	H
E	R	M	F	L	S	F	P	T	T	K	T	Y	L
R	M	F	L	S	F	P	T	T	K	T	Y	F	H
M	F	L	S	F	P	T	T	K	T	Y	F	P	H
F	L	S	F	P	T	T	K	T	Y	F	P	H	H
L	S	F	P	T	T	K	T	Y	F	P	H	F	H
S	F	P	T	T	K	T	Y	F	P	H	F	D	H
F	P	T	T	K	T	Y	F	P	H	F	D	L	H
P	T	T	K	T	Y	F	P	H	F	D	L	S	L
T	T	K	T	Y	F	P	H	F	D	L	S	H	L
T	K	T	Y	F	P	H	F	D	L	S	H	G	L
K	T	Y	F	P	H	F	D	L	S	H	G	S	L
T	Y	F	P	H	F	D	L	S	H	G	S	A	L
Y	F	P	H	F	D	L	S	H	G	S	A	Q	L
F	P	H	F	D	L	S	H	G	S	A	Q	V	L
P	H	F	D	L	S	H	G	S	A	Q	V	K	L
H	F	D	L	S	H	G	S	A	Q	V	K	G	L
F	D	L	S	H	G	S	A	Q	V	K	G	H	L
D	L	S	H	G	S	A	Q	V	K	G	H	G	H
L	S	H	G	S	A	Q	V	K	G	H	G	K	H
S	H	G	S	A	Q	V	K	G	H	G	K	K	H
H	G	S	A	Q	V	K	G	H	G	K	K	V	H
G	S	A	Q	V	K	G	H	G	K	K	V	A	H
S	A	Q	V	K	G	H	G	K	K	V	A	D	H
A	Q	V	K	G	H	G	K	K	V	A	D	A	H
Q	V	K	G	H	G	K	K	V	A	D	A	L	H
V	K	G	H	G	K	K	V	A	D	A	L	T	H
K	G	H	G	K	K	V	A	D	A	L	T	N	H
G	H	G	K	K	V	A	D	A	L	T	N	A	H
H	G	K	K	V	A	D	A	L	T	N	A	V	H
G	K	K	V	A	D	A	L	T	N	A	V	A	H
K	K	V	A	D	A	L	T	N	A	V	A	H	H
K	V	A	D	A	L	T	N	A	V	A	H	V	H
V	A	D	A	L	T	N	A	V	A	H	V	D	H
A	D	A	L	T	N	A	V	A	H	V	D	D	H
D	A	L	T	N	A	V	A	H	V	D	D	M	H
A	L	T	N	A	V	A	H	V	D	D	M	P	H
L	T	N	A	V	A	H	V	D	D	M	P	N	L
T	N	A	V	A	H	V	D	D	M	P	N	A	H
N	A	V	A	H	V	D	D	M	P	N	A	L	H
A	V	A	H	V	D	D	M	P	N	A	L	S	H
V	A	H	V	D	D	M	P	N	A	L	S	A	H
A	H	V	D	D	M	P	N	A	L	S	A	L	H
H	V	D	D	M	P	N	A	L	S	A	L	S	H
V	D	D	M	P	N	A	L	S	A	L	S	D	H
D	D	M	P	N	A	L	S	A	L	S	D	L	L
D	M	P	N	A	L	S	A	L	S	D	L	H	H
M	P	N	A	L	S	A	L	S	D	L	H	A	H
P	N	A	L	S	A	L	S	D	L	H	A	H	H
N	A	L	S	A	L	S	D	L	H	A	H	K	H
A	L	S	A	L	S	D	L	H	A	H	K	L	H
L	S	A	L	S	D	L	H	A	H	K	L	R	H
S	A	L	S	D	L	H	A	H	K	L	R	V	H
A	L	S	D	L	H	A	H	K	L	R	V	D	H
L	S	D	L	H	A	H	K	L	R	V	D	P	H
S	D	L	H	A	H	K	L	R	V	D	P	V	L
D	L	H	A	H	K	L	R	V	D	P	V	N	L
L	H	A	H	K	L	R	V	D	P	V	N	F	L
H	A	H	K	L	R	V	D	P	V	N	F	K	L
A	H	K	L	R	V	D	P	V	N	F	K	L	L
H	K	L	R	V	D	P	V	N	F	K	L	L	H
K	L	R	V	D	P	V	N	F	K	L	L	S	H
L	R	V	D	P	V	N	F	K	L	L	S	H	H
R	V	D	P	V	N	F	K	L	L	S	H	C	H
V	D	P	V	N	F	K	L	L	S	H	C	L	H
D	P	V	N	F	K	L	L	S	H	C	L	L	H
P	V	N	F	K	L	L	S	H	C	L	L	V	H
V	N	F	K	L	L	S	H	C	L	L	V	T	H
N	F	K	L	L	S	H	C	L	L	V	T	L	H
F	K	L	L	S	H	C	L	L	V	T	L	A	H
K	L	L	S	H	C	L	L	V	T	L	A	A	H
L	L	S	H	C	L	L	V	T	L	A	A	H	H
L	S	H	C	L	L	V	T	L	A	A	H	L	H
S	H	C	L	L	V	T	L	A	A	H	L	P	H
H	C	L	L	V	T	L	A	A	H	L	P	A	H
C	L	L	V	T	L	A	A	H	L	P	A	E	H
L	L	V	T	L	A	A	H	L	P	A	E	F	H
L	V	T	L	A	A	H	L	P	A	E	F	T	H
V	T	L	A	A	H	L	P	A	E	F	T	P	L
T	L	A	A	H	L	P	A	E	F	T	P	A	L
L	A	A	H	L	P	A	E	F	T	P	A	V	L
A	A	H	L	P	A	E	F	T	P	A	V	H	L
A	H	L	P	A	E	F	T	P	A	V	H	A	L
H	L	P	A	E	F	T	P	A	V	H	A	S	L
L	P	A	E	F	T	P	A	V	H	A	S	L	H
P	A	E	F	T	P	A	V	H	A	S	L	D	H
A	E	F	T	P	A	V	H	A	S	L	D	K	H
E	F	T	P	A	V	H	A	S	L	D	K	F	H
F	T	P	A	V	H	A	S	L	D	K	F	L	H
T	P	A	V	H	A	S	L	D	K	F	L	A	H
P	A	V	H	A	S	L	D	K	F	L	A	S	H
A	V	H	A	S	L	D	K	F	L	A	S	V	H
V	H	A	S	L	D	K	F	L	A	S	V	S	H
H	A	S	L	D	K	F	L	A	S	V	S	T	H
A	S	L	D	K	F	L	A	S	V	S	T	V	H
S	L	D	K	F	L	A	S	V	S	T	V	L	H
L	D	K	F	L	A	S	V	S	T	V	L	T	H
D	K	F	L	A	S	V	S	T	V	L	T	S	H
K	F	L	A	S	V	S	T	V	L	T	S	K	H
F	L	A	S	V	S	T	V	L	T	S	K	Y	H
L	A	S	V	S	T	V	L	T	S	K	Y	R	H
A	S	V	S	T	V	L	T	S	K	Y	R	M	H
S	V	S	T	V	L	T	S	K	Y	R	M	H	L
V	S	T	V	L	T	S	K	Y	R	M	H	L	L
S	T	V	L	T	S	K	Y	R	M	H	L	T	L
T	V	L	T	S	K	Y	R	M	H	L	T	P	L
V	L	T	S	K	Y	R	M	H	L	T	P	E	L
L	T	S	K	Y	R	M	H	L	T	P	E	E	L
T	S	K	Y	R	M	H	L	T	P	E	E	K	L
S	K	Y	R	M	H	L	T	P	E	E	K	S	L
K	Y	R	M	H	L	T	P	E	E	K	S	A	L
Y	R	M	H	L	T	P	E	E	K	S	A	V	H
R	M	H	L	T	P	E	E	K	S	A	V	T	H
M	H	L	T	P	E	E	K	S	A	V	T	A	H
H	L	T	P	E	E	K	S	A	V	T	A	L	H
L	T	P	E	E	K	S	A	V	T	A	L	W	H
T	P	E	E	K	S	A	V	T	A	L	W	G	H
P	E	E	K	S	A	V	T	A	L	W	G	K	H
E	E	K	S	A	V	T	A	L	W	G	K	V	H
E	K	S	A	V	T	A	L	W	G	K	V	N	H
K	S	A	V	T	A	L	W	G	K	V	N	V	H
S	A	V	T	A	L	W	G	K	V	N	V	D	H
A	V	T	A	L	W	G	K	V	N	V	D	E	H
V	T	A	L	W	G	K	V	N	V	D	E	V	H
T	A	L	W	G	K	V	N	V	D	E	V	G	L
A	L	W	G	K	V	N	V	D	E	V	G	G	L
L	W	G	K	V	N	V	D	E	V	G	G	E	H
W	G	K	V	N	V	D	E	V	G	G	E	A	H
G	K	V	N	V	D	E	V	G	G	E	A	L	H
K	V	N	V	D	E	V	G	G	E	A	L	G	H
V	N	V	D	E	V	G	G	E	A	L	G	R	H
N	V	D	E	V	G	G	E	A	L	G	R	L	H
V	D	E	V	G	G	E	A	L	G	R	L	L	H
D	E	V	G	G	E	A	L	G	R	L	L	V	H
E	V	G	G	E	A	L	G	R	L	L	V	V	H
V	G	G	E	A	L	G	R	L	L	V	V	Y	H
G	G	E	A	L	G	R	L	L	V	V	Y	P	H
G	E	A	L	G	R	L	L	V	V	Y	P	A	H
E	A	L	G	R	L	L	V	V	Y	P	A	T	H
A	L	G	R	L	L	V	V	Y	P	A	T	Q	H
L	G	R	L	L	V	V	Y	P	A	T	Q	R	H
G	R	L	L	V	V	Y	P	A	T	Q	R	F	L
R	L	L	V	V	Y	P	A	T	Q	R	F	F	H
L	L	V	V	Y	P	A	T	Q	R	F	F	E	H
L	V	V	Y	P	A	T	Q	R	F	F	E	S	H
V	V	Y	P	A	T	Q	R	F	F	E	S	F	H
V	Y	P	A	T	Q	R	F	F	E	S	F	G	H
Y	P	A	T	Q	R	F	F	E	S	F	G	D	H
P	A	T	Q	R	F	F	E	S	F	G	D	L	L
A	T	Q	R	F	F	E	S	F	G	D	L	S	H
T	Q	R	F	F	E	S	F	G	D	L	S	T	H
Q	R	F	F	E	S	F	G	D	L	S	T	P	H
R	F	F	E	S	F	G	D	L	S	T	P	D	L
F	F	E	S	F	G	D	L	S	T	P	D	A	L
F	E	S	F	G	D	L	S	T	P	D	A	V	L
E	S	F	G	D	L	S	T	P	D	A	V	M	L
S	F	G	D	L	S	T	P	D	A	V	M	G	L
F	G	D	L	S	T	P	D	A	V	M	G	N	H
G	D	L	S	T	P	D	A	V	M	G	N	P	H
D	L	S	T	P	D	A	V	M	G	N	P	K	H
L	S	T	P	D	A	V	M	G	N	P	K	V	H
S	T	P	D	A	V	M	G	N	P	K	V	K	H
T	P	D	A	V	M	G	N	P	K	V	K	A	L
P	D	A	V	M	G	N	P	K	V	K	A	H	L
D	A	V	M	G	N	P	K	V	K	A	H	G	H
A	V	M	G	N	P	K	V	K	A	H	G	K	H
V	M	G	N	P	K	V	K	A	H	G	K	K	H
M	G	N	P	K	V	K	A	H	G	K	K	V	H
G	N	P	K	V	K	A	H	G	K	K	V	L	H
N	P	K	V	K	A	H	G	K	K	V	L	G	H
P	K	V	K	A	H	G	K	K	V	L	G	A	H
K	V	K	A	H	G	K	K	V	L	G	A	F	H
V	K	A	H	G	K	K	V	L	G	A	F	S	H
K	A	H	G	K	K	V	L	G	A	F	S	D	H
A	H	G	K	K	V	L	G	A	F	S	D	G	H
H	G	K	K	V	L	G	A	F	S	D	G	L	H
G	K	K	V	L	G	A	F	S	D	G	L	A	H
K	K	V	L	G	A	F	S	D	G	L	A	H	H
K	V	L	G	A	F	S	D	G	L	A	H	L	H
V	L	G	A	F	S	D	G	L	A	H	L	D	H
L	G	A	F	S	D	G	L	A	H	L	D	N	H
G	A	F	S	D	G	L	A	H	L	D	N	L	H
A	F	S	D	G	L	A	H	L	D	N	L	K	H
F	S	D	G	L	A	H	L	D	N	L	K	G	H
S	D	G	L	A	H	L	D	N	L	K	G	T	L
D	G	L	A	H	L	D	N	L	K	G	T	F	L
G	L	A	H	L	D	N	L	K	G	T	F	A	L
L	A	H	L	D	N	L	K	G	T	F	A	T	H
A	H	L	D	N	L	K	G	T	F	A	T	L	H
H	L	D	N	L	K	G	T	F	A	T	L	S	H
L	D	N	L	K	G	T	F	A	T	L	S	E	H
D	N	L	K	G	T	F	A	T	L	S	E	L	L
N	L	K	G	T	F	A	T	L	S	E	L	H	H
L	K	G	T	F	A	T	L	S	E	L	H	C	H
K	G	T	F	A	T	L	S	E	L	H	C	D	H
G	T	F	A	T	L	S	E	L	H	C	D	K	H
T	F	A	T	L	S	E	L	H	C	D	K	L	H
F	A	T	L	S	E	L	H	C	D	K	L	H	H
A	T	L	S	E	L	H	C	D	K	L	H	V	H
T	L	S	E	L	H	C	D	K	L	H	V	D	H
L	S	E	L	H	C	D	K	L	H	V	D	P	H
S	E	L	H	C	D	K	L	H	V	D	P	E	L
E	L	H	C	D	K	L	H	V	D	P	E	N	L
L	H	C	D	K	L	H	V	D	P	E	N	F	L
H	C	D	K	L	H	V	D	P	E	N	F	R	L
C	D	K	L	H	V	D	P	E	N	F	R	L	L
D	K	L	H	V	D	P	E	N	F	R	L	L	H
K	L	H	V	D	P	E	N	F	R	L	L	G	H
L	H	V	D	P	E	N	F	R	L	L	G	N	H
H	V	D	P	E	N	F	R	L	L	G	N	V	H
V	D	P	E	N	F	R	L	L	G	N	V	L	H
D	P	E	N	F	R	L	L	G	N	V	L	V	H
P	E	N	F	R	L	L	G	N	V	L	V	C	H
E	N	F	R	L	L	G	N	V	L	V	C	V	H
N	F	R	L	L	G	N	V	L	V	C	V	L	H
F	R	L	L	G	N	V	L	V	C	V	L	A	H
R	L	L	G	N	V	L	V	C	V	L	A	H	H
L	L	G	N	V	L	V	C	V	L	A	H	H	H
L	G	N	V	L	V	C	V	L	A	H	H	F	H
G	N	V	L	V	C	V	L	A	H	H	F	G	H
N	V	L	V	C	V	L	A	H	H	F	G	K	H
V	L	V	C	V	L	A	H	H	F	G	K	E	H
L	V	C	V	L	A	H	H	F	G	K	E	F	H
V	C	V	L	A	H	H	F	G	K	E	F	T	H
C	V	L	A	H	H	F	G	K	E	F	T	P	H
V	L	A	H	H	F	G	K	E	F	T	P	P	H
L	A	H	H	F	G	K	E	F	T	P	P	V	H
A	H	H	F	G	K	E	F	T	P	P	V	Q	H
H	H	F	G	K	E	F	T	P	P	V	Q	A	L
H	F	G	K	E	F	T	P	P	V	Q	A	A	L
F	G	K	E	F	T	P	P	V	Q	A	A	Y	H
G	K	E	F	T	P	P	V	Q	A	A	Y	Q	H
K	E	F	T	P	P	V	Q	A	A	Y	Q	K	H
E	F	T	P	P	V	Q	A	A	Y	Q	K	V	H
F	T	P	P	V	Q	A	A	Y	Q	K	V	V	H
T	P	P	V	Q	A	A	Y	Q	K	V	V	A	H
P	P	V	Q	A	A	Y	Q	K	V	V	A	G	H
P	V	Q	A	A	Y	Q	K	V	V	A	G	V	H
V	Q	A	A	Y	Q	K	V	V	A	G	V	A	H
Q	A	A	Y	Q	K	V	V	A	G	V	A	N	H
A	A	Y	Q	K	V	V	A	G	V	A	N	A	H
A	Y	Q	K	V	V	A	G	V	A	N	A	L	H
Y	Q	K	V	V	A	G	V	A	N	A	L	A	H
Q	K	V	V	A	G	V	A	N	A	L	A	H	H
K	V	V	A	G	V	A	N	A	L	A	H	K	H
V	V	A	G	V	A	N	A	L	A	H	K	Y	H
V	A	G	V	A	N	A	L	A	H	K	Y	H	H
V	L	S	E	G	E	W	Q	L	V	L	H	V	H
L	S	E	G	E	W	Q	L	V	L	H	V	W	H
S	E	G	E	W	Q	L	V	L	H	V	W	A	H
E	G	E	W	Q	L	V	L	H	V	W	A	K	H
G	E	W	Q	L	V	L	H	V	W	A	K	V	H
E	W	Q	L	V	L	H	V	W	A	K	V	E	H
W	Q	L	V	L	H	V	W	A	K	V	E	A	H
Q	L	V	L	H	V	W	A	K	V	E	A	D	H
L	V	L	H	V	W	A	K	V	E	A	D	V	H
V	L	H	V	W	A	K	V	E	A	D	V	A	H
L	H	V	W	A	K	V	E	A	D	V	A	G	H
H	V	W	A	K	V	E	A	D	V	A	G	H	H
V	W	A	K	V	E	A	D	V	A	G	H	G	L
W	A	K	V	E	A	D	V	A	G	H	G	Q	H
A	K	V	E	A	D	V	A	G	H	G	Q	D	H
K	V	E	A	D	V	A	G	H	G	Q	D	I	H
V	E	A	D	V	A	G	H	G	Q	D	I	L	H
E	A	D	V	A	G	H	G	Q	D	I	L	I	H
A	D	V	A	G	H	G	Q	D	I	L	I	R	H
D	V	A	G	H	G	Q	D	I	L	I	R	L	H
V	A	G	H	G	Q	D	I	L	I	R	L	F	H
A	G	H	G	Q	D	I	L	I	R	L	F	K	H
G	H	G	Q	D	I	L	I	R	L	F	K	S	H
H	G	Q	D	I	L	I	R	L	F	K	S	H	H
G	Q	D	I	L	I	R	L	F	K	S	H	P	H
Q	D	I	L	I	R	L	F	K	S	H	P	E	H
D	I	L	I	R	L	F	K	S	H	P	E	T	H
I	L	I	R	L	F	K	S	H	P	E	T	L	H
L	I	R	L	F	K	S	H	P	E	T	L	E	H
I	R	L	F	K	S	H	P	E	T	L	E	K	H
R	L	F	K	S	H	P	E	T	L	E	K	F	H
L	F	K	S	H	P	E	T	L	E	K	F	D	H
F	K	S	H	P	E	T	L	E	K	F	D	R	H
K	S	H	P	E	T	L	E	K	F	D	R	F	H
S	H	P	E	T	L	E	K	F	D	R	F	K	H
H	P	E	T	L	E	K	F	D	R	F	K	H	H
P	E	T	L	E	K	F	D	R	F	K	H	L	L
E	T	L	E	K	F	D	R	F	K	H	L	K	L
T	L	E	K	F	D	R	F	K	H	L	K	T	L
L	E	K	F	D	R	F	K	H	L	K	T	E	L
E	K	F	D	R	F	K	H	L	K	T	E	A	L
K	F	D	R	F	K	H	L	K	T	E	A	E	L
F	D	R	F	K	H	L	K	T	E	A	E	M	L
D	R	F	K	H	L	K	T	E	A	E	M	K	L
R	F	K	H	L	K	T	E	A	E	M	K	A	H
F	K	H	L	K	T	E	A	E	M	K	A	S	H
K	H	L	K	T	E	A	E	M	K	A	S	E	H
H	L	K	T	E	A	E	M	K	A	S	E	D	H
L	K	T	E	A	E	M	K	A	S	E	D	L	H
K	T	E	A	E	M	K	A	S	E	D	L	K	H
T	E	A	E	M	K	A	S	E	D	L	K	K	H
E	A	E	M	K	A	S	E	D	L	K	K	H	H
A	E	M	K	A	S	E	D	L	K	K	H	G	H
E	M	K	A	S	E	D	L	K	K	H	G	V	H
M	K	A	S	E	D	L	K	K	H	G	V	T	H
K	A	S	E	D	L	K	K	H	G	V	T	V	H
A	S	E	D	L	K	K	H	G	V	T	V	L	H
S	E	D	L	K	K	H	G	V	T	V	L	T	H
E	D	L	K	K	H	G	V	T	V	L	T	A	H
D	L	K	K	H	G	V	T	V	L	T	A	L	H
L	K	K	H	G	V	T	V	L	T	A	L	G	H
K	K	H	G	V	T	V	L	T	A	L	G	A	H
K	H	G	V	T	V	L	T	A	L	G	A	I	H
H	G	V	T	V	L	T	A	L	G	A	I	L	H
G	V	T	V	L	T	A	L	G	A	I	L	K	H
V	T	V	L	T	A	L	G	A	I	L	K	K	H
T	V	L	T	A	L	G	A	I	L	K	K	K	H
V	L	T	A	L	G	A	I	L	K	K	K	G	H
L	T	A	L	G	A	I	L	K	K	K	G	H	H
T	A	L	G	A	I	L	K	K	K	G	H	H	H
A	L	G	A	I	L	K	K	K	G	H	H	E	H
L	G	A	I	L	K	K	K	G	H	H	E	A	L
G	A	I	L	K	K	K	G	H	H	E	A	E	L
A	I	L	K	K	K	G	H	H	E	A	E	L	L
I	L	K	K	K	G	H	H	E	A	E	L	K	L
L	K	K	K	G	H	H	E	A	E	L	K	P	L
K	K	K	G	H	H	E	A	E	L	K	P	L	L
K	K	G	H	H	E	A	E	L	K	P	L	A	L
K	G	H	H	E	A	E	L	K	P	L	A	Q	L
G	H	H	E	A	E	L	K	P	L	A	Q	S	H
H	H	E	A	E	L	K	P	L	A	Q	S	H	H
H	E	A	E	L	K	P	L	A	Q	S	H	A	H
E	A	E	L	K	P	L	A	Q	S	H	A	T	H
A	E	L	K	P	L	A	Q	S	H	A	T	K	H
E	L	K	P	L	A	Q	S	H	A	T	K	H	H
L	K	P	L	A	Q	S	H	A	T	K	H	K	H
K	P	L	A	Q	S	H	A	T	K	H	K	I	H
P	L	A	Q	S	H	A	T	K	H	K	I	P	H
L	A	Q	S	H	A	T	K	H	K	I	P	I	L
A	Q	S	H	A	T	K	H	K	I	P	I	K	L
Q	S	H	A	T	K	H	K	I	P	I	K	Y	L
S	H	A	T	K	H	K	I	P	I	K	Y	L	L
H	A	T	K	H	K	I	P	I	K	Y	L	E	L
A	T	K	H	K	I	P	I	K	Y	L	E	F	H
T	K	H	K	I	P	I	K	Y	L	E	F	I	H
K	H	K	I	P	I	K	Y	L	E	F	I	S	H
H	K	I	P	I	K	Y	L	E	F	I	S	E	H
K	I	P	I	K	Y	L	E	F	I	S	E	A	H
I	P	I	K	Y	L	E	F	I	S	E	A	I	H
P	I	K	Y	L	E	F	I	S	E	A	I	I	H
I	K	Y	L	E	F	I	S	E	A	I	I	H	H
K	Y	L	E	F	I	S	E	A	I	I	H	V	H
Y	L	E	F	I	S	E	A	I	I	H	V	L	H
L	E	F	I	S	E	A	I	I	H	V	L	H	H
E	F	I	S	E	A	I	I	H	V	L	H	S	H
F	I	S	E	A	I	I	H	V	L	H	S	R	H
I	S	E	A	I	I	H	V	L	H	S	R	H	H
S	E	A	I	I	H	V	L	H	S	R	H	P	H
E	A	I	I	H	V	L	H	S	R	H	P	G	H
A	I	I	H	V	L	H	S	R	H	P	G	D	H
I	I	H	V	L	H	S	R	H	P	G	D	F	H
I	H	V	L	H	S	R	H	P	G	D	F	G	H
H	V	L	H	S	R	H	P	G	D	F	G	A	L
V	L	H	S	R	H	P	G	D	F	G	A	D	L
L	H	S	R	H	P	G	D	F	G	A	D	A	L
H	S	R	H	P	G	D	F	G	A	D	A	Q	L
S	R	H	P	G	D	F	G	A	D	A	Q	G	L
R	H	P	G	D	F	G	A	D	A	Q	G	A	H
H	P	G	D	F	G	A	D	A	Q	G	A	M	H
P	G	D	F	G	A	D	A	Q	G	A	M	N	H
G	D	F	G	A	D	A	Q	G	A	M	N	K	H
D	F	G	A	D	A	Q	G	A	M	N	K	A	H
F	G	A	D	A	Q	G	A	M	N	K	A	L	H
G	A	D	A	Q	G	A	M	N	K	A	L	E	H
A	D	A	Q	G	A	M	N	K	A	L	E	L	H
D	A	Q	G	A	M	N	K	A	L	E	L	F	H
A	Q	G	A	M	N	K	A	L	E	L	F	R	H
Q	G	A	M	N	K	A	L	E	L	F	R	K	H
G	A	M	N	K	A	L	E	L	F	R	K	D	H
A	M	N	K	A	L	E	L	F	R	K	D	I	H
M	N	K	A	L	E	L	F	R	K	D	I	A	H
N	K	A	L	E	L	F	R	K	D	I	A	A	H
K	A	L	E	L	F	R	K	D	I	A	A	K	H
A	L	E	L	F	R	K	D	I	A	A	K	Y	H
L	E	L	F	R	K	D	I	A	A	K	Y	K	H
E	L	F	R	K	D	I	A	A	K	Y	K	E	H
L	F	R	K	D	I	A	A	K	Y	K	E	L	H
F	R	K	D	I	A	A	K	Y	K	E	L	G	H
R	K	D	I	A	A	K	Y	K	E	L	G	Y	H
K	D	I	A	A	K	Y	K	E	L	G	Y	Q	H
D	I	A	A	K	Y	K	E	L	G	Y	Q	G	H
M	A	P	K	D	N	T	W	Y	T	G	A	K	S
A	P	K	D	N	T	W	Y	T	G	A	K	L	S
P	K	D	N	T	W	Y	T	G	A	K	L	G	S
K	D	N	T	W	Y	T	G	A	K	L	G	F	S
D	N	T	W	Y	T	G	A	K	L	G	F	S	S
N	T	W	Y	T	G	A	K	L	G	F	S	Q	S
T	W	Y	T	G	A	K	L	G	F	S	Q	Y	S
W	Y	T	G	A	K	L	G	F	S	Q	Y	H	S
Y	T	G	A	K	L	G	F	S	Q	Y	H	D	S
T	G	A	K	L	G	F	S	Q	Y	H	D	T	S
G	A	K	L	G	F	S	Q	Y	H	D	T	G	S
A	K	L	G	F	S	Q	Y	H	D	T	G	F	L
K	L	G	F	S	Q	Y	H	D	T	G	F	I	L
L	G	F	S	Q	Y	H	D	T	G	F	I	N	L
G	F	S	Q	Y	H	D	T	G	F	I	N	N	L
F	S	Q	Y	H	D	T	G	F	I	N	N	N	L
S	Q	Y	H	D	T	G	F	I	N	N	N	G	L
Q	Y	H	D	T	G	F	I	N	N	N	G	P	L
Y	H	D	T	G	F	I	N	N	N	G	P	T	L
H	D	T	G	F	I	N	N	N	G	P	T	H	L
D	T	G	F	I	N	N	N	G	P	T	H	E	L
T	G	F	I	N	N	N	G	P	T	H	E	N	L
G	F	I	N	N	N	G	P	T	H	E	N	Q	L
F	I	N	N	N	G	P	T	H	E	N	Q	L	L
I	N	N	N	G	P	T	H	E	N	Q	L	G	L
N	N	N	G	P	T	H	E	N	Q	L	G	A	L
N	N	G	P	T	H	E	N	Q	L	G	A	G	L
N	G	P	T	H	E	N	Q	L	G	A	G	A	L
G	P	T	H	E	N	Q	L	G	A	G	A	F	S
P	T	H	E	N	Q	L	G	A	G	A	F	G	S
T	H	E	N	Q	L	G	A	G	A	F	G	G	S
H	E	N	Q	L	G	A	G	A	F	G	G	Y	S
E	N	Q	L	G	A	G	A	F	G	G	Y	Q	S
N	Q	L	G	A	G	A	F	G	G	Y	Q	V	S
Q	L	G	A	G	A	F	G	G	Y	Q	V	N	S
L	G	A	G	A	F	G	G	Y	Q	V	N	P	S
G	A	G	A	F	G	G	Y	Q	V	N	P	Y	S
A	G	A	F	G	G	Y	Q	V	N	P	Y	V	S
G	A	F	G	G	Y	Q	V	N	P	Y	V	G	S
A	F	G	G	Y	Q	V	N	P	Y	V	G	F	L
F	G	G	Y	Q	V	N	P	Y	V	G	F	E	L
G	G	Y	Q	V	N	P	Y	V	G	F	E	M	L
G	Y	Q	V	N	P	Y	V	G	F	E	M	G	L
Y	Q	V	N	P	Y	V	G	F	E	M	G	Y	L
Q	V	N	P	Y	V	G	F	E	M	G	Y	D	S
V	N	P	Y	V	G	F	E	M	G	Y	D	F	S
N	P	Y	V	G	F	E	M	G	Y	D	F	L	S
P	Y	V	G	F	E	M	G	Y	D	F	L	G	S
Y	V	G	F	E	M	G	Y	D	F	L	G	R	S
V	G	F	E	M	G	Y	D	F	L	G	R	M	S
G	F	E	M	G	Y	D	F	L	G	R	M	P	L
F	E	M	G	Y	D	F	L	G	R	M	P	Y	L
E	M	G	Y	D	F	L	G	R	M	P	Y	K	L
M	G	Y	D	F	L	G	R	M	P	Y	K	G	L
G	Y	D	F	L	G	R	M	P	Y	K	G	S	L
Y	D	F	L	G	R	M	P	Y	K	G	S	V	L
D	F	L	G	R	M	P	Y	K	G	S	V	E	L
F	L	G	R	M	P	Y	K	G	S	V	E	N	L
L	G	R	M	P	Y	K	G	S	V	E	N	G	L
G	R	M	P	Y	K	G	S	V	E	N	G	A	L
R	M	P	Y	K	G	S	V	E	N	G	A	Y	L
M	P	Y	K	G	S	V	E	N	G	A	Y	K	L
P	Y	K	G	S	V	E	N	G	A	Y	K	A	L
Y	K	G	S	V	E	N	G	A	Y	K	A	Q	L
K	G	S	V	E	N	G	A	Y	K	A	Q	G	L
G	S	V	E	N	G	A	Y	K	A	Q	G	V	L
S	V	E	N	G	A	Y	K	A	Q	G	V	Q	L
V	E	N	G	A	Y	K	A	Q	G	V	Q	L	L
E	N	G	A	Y	K	A	Q	G	V	Q	L	T	L
N	G	A	Y	K	A	Q	G	V	Q	L	T	A	S
G	A	Y	K	A	Q	G	V	Q	L	T	A	K	S
A	Y	K	A	Q	G	V	Q	L	T	A	K	L	S
Y	K	A	Q	G	V	Q	L	T	A	K	L	G	S
K	A	Q	G	V	Q	L	T	A	K	L	G	Y	S
A	Q	G	V	Q	L	T	A	K	L	G	Y	P	S
Q	G	V	Q	L	T	A	K	L	G	Y	P	I	S
G	V	Q	L	T	A	K	L	G	Y	P	I	T	S
V	Q	L	T	A	K	L	G	Y	P	I	T	D	S
Q	L	T	A	K	L	G	Y	P	I	T	D	D	S
L	T	A	K	L	G	Y	P	I	T	D	D	L	S
T	A	K	L	G	Y	P	I	T	D	D	L	D	L
A	K	L	G	Y	P	I	T	D	D	L	D	I	L
K	L	G	Y	P	I	T	D	D	L	D	I	Y	L
L	G	Y	P	I	T	D	D	L	D	I	Y	T	L
G	Y	P	I	T	D	D	L	D	I	Y	T	R	L
Y	P	I	T	D	D	L	D	I	Y	T	R	L	S
P	I	T	D	D	L	D	I	Y	T	R	L	G	S
I	T	D	D	L	D	I	Y	T	R	L	G	G	S
T	D	D	L	D	I	Y	T	R	L	G	G	M	S
D	D	L	D	I	Y	T	R	L	G	G	M	V	S
D	L	D	I	Y	T	R	L	G	G	M	V	F	S
L	D	I	Y	T	R	L	G	G	M	V	F	R	S
D	I	Y	T	R	L	G	G	M	V	F	R	A	S
I	Y	T	R	L	G	G	M	V	F	R	A	D	S
Y	T	R	L	G	G	M	V	F	R	A	D	T	S
T	R	L	G	G	M	V	F	R	A	D	T	K	S
R	L	G	G	M	V	F	R	A	D	T	K	S	S
L	G	G	M	V	F	R	A	D	T	K	S	N	S
G	G	M	V	F	R	A	D	T	K	S	N	V	L
G	M	V	F	R	A	D	T	K	S	N	V	Y	L
M	V	F	R	A	D	T	K	S	N	V	Y	G	L
V	F	R	A	D	T	K	S	N	V	Y	G	K	L
F	R	A	D	T	K	S	N	V	Y	G	K	N	L
R	A	D	T	K	S	N	V	Y	G	K	N	H	L
A	D	T	K	S	N	V	Y	G	K	N	H	D	L
D	T	K	S	N	V	Y	G	K	N	H	D	T	L
T	K	S	N	V	Y	G	K	N	H	D	T	G	L
K	S	N	V	Y	G	K	N	H	D	T	G	V	L
S	N	V	Y	G	K	N	H	D	T	G	V	S	L
N	V	Y	G	K	N	H	D	T	G	V	S	P	L
V	Y	G	K	N	H	D	T	G	V	S	P	V	L
Y	G	K	N	H	D	T	G	V	S	P	V	F	L
G	K	N	H	D	T	G	V	S	P	V	F	A	S
K	N	H	D	T	G	V	S	P	V	F	A	G	S
N	H	D	T	G	V	S	P	V	F	A	G	G	S
H	D	T	G	V	S	P	V	F	A	G	G	V	S
D	T	G	V	S	P	V	F	A	G	G	V	E	S
T	G	V	S	P	V	F	A	G	G	V	E	Y	S
G	V	S	P	V	F	A	G	G	V	E	Y	A	S
V	S	P	V	F	A	G	G	V	E	Y	A	I	S
S	P	V	F	A	G	G	V	E	Y	A	I	T	S
P	V	F	A	G	G	V	E	Y	A	I	T	P	S
V	F	A	G	G	V	E	Y	A	I	T	P	E	S
F	A	G	G	V	E	Y	A	I	T	P	E	I	S
A	G	G	V	E	Y	A	I	T	P	E	I	A	S
G	G	V	E	Y	A	I	T	P	E	I	A	T	S
G	V	E	Y	A	I	T	P	E	I	A	T	R	S
V	E	Y	A	I	T	P	E	I	A	T	R	L	L
E	Y	A	I	T	P	E	I	A	T	R	L	E	L
Y	A	I	T	P	E	I	A	T	R	L	E	Y	S
A	I	T	P	E	I	A	T	R	L	E	Y	Q	S
I	T	P	E	I	A	T	R	L	E	Y	Q	F	S
T	P	E	I	A	T	R	L	E	Y	Q	F	T	S
P	E	I	A	T	R	L	E	Y	Q	F	T	N	S
E	I	A	T	R	L	E	Y	Q	F	T	N	N	S
I	A	T	R	L	E	Y	Q	F	T	N	N	I	S
A	T	R	L	E	Y	Q	F	T	N	N	I	G	S
T	R	L	E	Y	Q	F	T	N	N	I	G	D	L
R	L	E	Y	Q	F	T	N	N	I	G	D	A	L
L	E	Y	Q	F	T	N	N	I	G	D	A	H	L
E	Y	Q	F	T	N	N	I	G	D	A	H	T	L
Y	Q	F	T	N	N	I	G	D	A	H	T	I	L
Q	F	T	N	N	I	G	D	A	H	T	I	G	L
F	T	N	N	I	G	D	A	H	T	I	G	T	L
T	N	N	I	G	D	A	H	T	I	G	T	R	L
N	N	I	G	D	A	H	T	I	G	T	R	P	L
N	I	G	D	A	H	T	I	G	T	R	P	D	L
I	G	D	A	H	T	I	G	T	R	P	D	N	L
G	D	A	H	T	I	G	T	R	P	D	N	G	L
D	A	H	T	I	G	T	R	P	D	N	G	M	L
A	H	T	I	G	T	R	P	D	N	G	M	L	L
H	T	I	G	T	R	P	D	N	G	M	L	S	L
T	I	G	T	R	P	D	N	G	M	L	S	L	L
I	G	T	R	P	D	N	G	M	L	S	L	G	L
G	T	R	P	D	N	G	M	L	S	L	G	V	L
T	R	P	D	N	G	M	L	S	L	G	V	S	S
R	P	D	N	G	M	L	S	L	G	V	S	Y	S
P	D	N	G	M	L	S	L	G	V	S	Y	R	S
D	N	G	M	L	S	L	G	V	S	Y	R	F	S
N	G	M	L	S	L	G	V	S	Y	R	F	G	S
G	M	L	S	L	G	V	S	Y	R	F	G	Q	S
M	L	S	L	G	V	S	Y	R	F	G	Q	G	S
L	S	L	G	V	S	Y	R	F	G	Q	G	E	S
S	L	G	V	S	Y	R	F	G	Q	G	E	A	S
L	G	V	S	Y	R	F	G	Q	G	E	A	A	S
A	P	K	D	N	T	W	Y	T	G	A	K	L	S
P	K	D	N	T	W	Y	T	G	A	K	L	G	S
K	D	N	T	W	Y	T	G	A	K	L	G	W	S
D	N	T	W	Y	T	G	A	K	L	G	W	S	S
N	T	W	Y	T	G	A	K	L	G	W	S	Q	S
T	W	Y	T	G	A	K	L	G	W	S	Q	H	S
W	Y	T	G	A	K	L	G	W	S	Q	H	E	S
Y	T	G	A	K	L	G	W	S	Q	H	E	N	S
T	G	A	K	L	G	W	S	Q	H	E	N	K	S
G	A	K	L	G	W	S	Q	H	E	N	K	L	S
A	K	L	G	W	S	Q	H	E	N	K	L	G	L
K	L	G	W	S	Q	H	E	N	K	L	G	A	L
L	G	W	S	Q	H	E	N	K	L	G	A	G	L
G	W	S	Q	H	E	N	K	L	G	A	G	A	L
W	S	Q	H	E	N	K	L	G	A	G	A	F	S
S	Q	H	E	N	K	L	G	A	G	A	F	G	S
Q	H	E	N	K	L	G	A	G	A	F	G	G	S
H	E	N	K	L	G	A	G	A	F	G	G	Y	S
E	N	K	L	G	A	G	A	F	G	G	Y	Q	S
N	K	L	G	A	G	A	F	G	G	Y	Q	V	S
K	L	G	A	G	A	F	G	G	Y	Q	V	N	S
L	G	A	G	A	F	G	G	Y	Q	V	N	P	S
G	A	G	A	F	G	G	Y	Q	V	N	P	Y	S
A	G	A	F	G	G	Y	Q	V	N	P	Y	V	S
G	A	F	G	G	Y	Q	V	N	P	Y	V	G	S
A	F	G	G	Y	Q	V	N	P	Y	V	G	F	S
F	G	G	Y	Q	V	N	P	Y	V	G	F	E	S
G	G	Y	Q	V	N	P	Y	V	G	F	E	M	L
G	Y	Q	V	N	P	Y	V	G	F	E	M	G	L
Y	Q	V	N	P	Y	V	G	F	E	M	G	Y	S
Q	V	N	P	Y	V	G	F	E	M	G	Y	D	S
V	N	P	Y	V	G	F	E	M	G	Y	D	W	S
N	P	Y	V	G	F	E	M	G	Y	D	W	L	S
P	Y	V	G	F	E	M	G	Y	D	W	L	G	S
Y	V	G	F	E	M	G	Y	D	W	L	G	R	S
V	G	F	E	M	G	Y	D	W	L	G	R	M	S
G	F	E	M	G	Y	D	W	L	G	R	M	P	S
F	E	M	G	Y	D	W	L	G	R	M	P	Y	S
E	M	G	Y	D	W	L	G	R	M	P	Y	A	S
M	G	Y	D	W	L	G	R	M	P	Y	A	Y	S
G	Y	D	W	L	G	R	M	P	Y	A	Y	K	S
Y	D	W	L	G	R	M	P	Y	A	Y	K	A	L
D	W	L	G	R	M	P	Y	A	Y	K	A	Q	L
W	L	G	R	M	P	Y	A	Y	K	A	Q	G	L
L	G	R	M	P	Y	A	Y	K	A	Q	G	V	L
G	R	M	P	Y	A	Y	K	A	Q	G	V	Q	S
R	M	P	Y	A	Y	K	A	Q	G	V	Q	L	S
M	P	Y	A	Y	K	A	Q	G	V	Q	L	T	S
P	Y	A	Y	K	A	Q	G	V	Q	L	T	A	S
Y	A	Y	K	A	Q	G	V	Q	L	T	A	K	S
A	Y	K	A	Q	G	V	Q	L	T	A	K	L	S
Y	K	A	Q	G	V	Q	L	T	A	K	L	G	S
K	A	Q	G	V	Q	L	T	A	K	L	G	Y	S
A	Q	G	V	Q	L	T	A	K	L	G	Y	P	S
Q	G	V	Q	L	T	A	K	L	G	Y	P	I	S
G	V	Q	L	T	A	K	L	G	Y	P	I	T	S
V	Q	L	T	A	K	L	G	Y	P	I	T	D	S
Q	L	T	A	K	L	G	Y	P	I	T	D	D	S
L	T	A	K	L	G	Y	P	I	T	D	D	L	S
T	A	K	L	G	Y	P	I	T	D	D	L	D	S
A	K	L	G	Y	P	I	T	D	D	L	D	I	L
K	L	G	Y	P	I	T	D	D	L	D	I	Y	L
L	G	Y	P	I	T	D	D	L	D	I	Y	T	L
G	Y	P	I	T	D	D	L	D	I	Y	T	R	L
Y	P	I	T	D	D	L	D	I	Y	T	R	L	S
P	I	T	D	D	L	D	I	Y	T	R	L	G	S
I	T	D	D	L	D	I	Y	T	R	L	G	G	S
T	D	D	L	D	I	Y	T	R	L	G	G	M	S
D	D	L	D	I	Y	T	R	L	G	G	M	V	S
D	L	D	I	Y	T	R	L	G	G	M	V	W	S
L	D	I	Y	T	R	L	G	G	M	V	W	R	S
D	I	Y	T	R	L	G	G	M	V	W	R	A	S
I	Y	T	R	L	G	G	M	V	W	R	A	D	S
Y	T	R	L	G	G	M	V	W	R	A	D	T	S
T	R	L	G	G	M	V	W	R	A	D	T	Y	S
R	L	G	G	M	V	W	R	A	D	T	Y	S	S
L	G	G	M	V	W	R	A	D	T	Y	S	N	S
G	G	M	V	W	R	A	D	T	Y	S	N	V	S
G	M	V	W	R	A	D	T	Y	S	N	V	Y	S
M	V	W	R	A	D	T	Y	S	N	V	Y	G	S
V	W	R	A	D	T	Y	S	N	V	Y	G	K	S
W	R	A	D	T	Y	S	N	V	Y	G	K	N	L
R	A	D	T	Y	S	N	V	Y	G	K	N	H	L
A	D	T	Y	S	N	V	Y	G	K	N	H	D	L
D	T	Y	S	N	V	Y	G	K	N	H	D	T	L
T	Y	S	N	V	Y	G	K	N	H	D	T	G	L
Y	S	N	V	Y	G	K	N	H	D	T	G	V	S
S	N	V	Y	G	K	N	H	D	T	G	V	S	S
N	V	Y	G	K	N	H	D	T	G	V	S	P	S
V	Y	G	K	N	H	D	T	G	V	S	P	V	S
Y	G	K	N	H	D	T	G	V	S	P	V	F	S
G	K	N	H	D	T	G	V	S	P	V	F	A	S
K	N	H	D	T	G	V	S	P	V	F	A	G	S
N	H	D	T	G	V	S	P	V	F	A	G	G	S
H	D	T	G	V	S	P	V	F	A	G	G	V	S
D	T	G	V	S	P	V	F	A	G	G	V	E	S
T	G	V	S	P	V	F	A	G	G	V	E	Y	S
G	V	S	P	V	F	A	G	G	V	E	Y	A	S
V	S	P	V	F	A	G	G	V	E	Y	A	I	S
S	P	V	F	A	G	G	V	E	Y	A	I	T	S
P	V	F	A	G	G	V	E	Y	A	I	T	P	S
V	F	A	G	G	V	E	Y	A	I	T	P	E	S
F	A	G	G	V	E	Y	A	I	T	P	E	I	S
A	G	G	V	E	Y	A	I	T	P	E	I	A	S
G	G	V	E	Y	A	I	T	P	E	I	A	T	S
G	V	E	Y	A	I	T	P	E	I	A	T	R	S
V	E	Y	A	I	T	P	E	I	A	T	R	L	L
E	Y	A	I	T	P	E	I	A	T	R	L	E	L
Y	A	I	T	P	E	I	A	T	R	L	E	Y	S
A	I	T	P	E	I	A	T	R	L	E	Y	Q	S
I	T	P	E	I	A	T	R	L	E	Y	Q	W	S
T	P	E	I	A	T	R	L	E	Y	Q	W	T	S
P	E	I	A	T	R	L	E	Y	Q	W	T	N	S
E	I	A	T	R	L	E	Y	Q	W	T	N	G	S
I	A	T	R	L	E	Y	Q	W	T	N	G	M	S
A	T	R	L	E	Y	Q	W	T	N	G	M	L	S
T	R	L	E	Y	Q	W	T	N	G	M	L	S	S
R	L	E	Y	Q	W	T	N	G	M	L	S	L	S
L	E	Y	Q	W	T	N	G	M	L	S	L	G	L
E	Y	Q	W	T	N	G	M	L	S	L	G	V	L
Y	Q	W	T	N	G	M	L	S	L	G	V	S	S
Q	W	T	N	G	M	L	S	L	G	V	S	Y	S
W	T	N	G	M	L	S	L	G	V	S	Y	R	S
T	N	G	M	L	S	L	G	V	S	Y	R	F	S
N	G	M	L	S	L	G	V	S	Y	R	F	G	S
K	S	E	A	L	L	D	I	P	M	L	E	Q	L
S	E	A	L	L	D	I	P	M	L	E	Q	Y	H
E	A	L	L	D	I	P	M	L	E	Q	Y	L	H
A	L	L	D	I	P	M	L	E	Q	Y	L	E	H
L	L	D	I	P	M	L	E	Q	Y	L	E	L	H
L	D	I	P	M	L	E	Q	Y	L	E	L	V	H
D	I	P	M	L	E	Q	Y	L	E	L	V	G	H
I	P	M	L	E	Q	Y	L	E	L	V	G	P	H
P	M	L	E	Q	Y	L	E	L	V	G	P	K	H
M	L	E	Q	Y	L	E	L	V	G	P	K	L	H
L	E	Q	Y	L	E	L	V	G	P	K	L	I	H
E	Q	Y	L	E	L	V	G	P	K	L	I	T	L
Q	Y	L	E	L	V	G	P	K	L	I	T	D	L
Y	L	E	L	V	G	P	K	L	I	T	D	G	H
L	E	L	V	G	P	K	L	I	T	D	G	L	H
E	L	V	G	P	K	L	I	T	D	G	L	A	H
L	V	G	P	K	L	I	T	D	G	L	A	V	H
V	G	P	K	L	I	T	D	G	L	A	V	F	H
G	P	K	L	I	T	D	G	L	A	V	F	E	H
P	K	L	I	T	D	G	L	A	V	F	E	K	H
K	L	I	T	D	G	L	A	V	F	E	K	M	H
L	I	T	D	G	L	A	V	F	E	K	M	M	H
I	T	D	G	L	A	V	F	E	K	M	M	P	H
T	D	G	L	A	V	F	E	K	M	M	P	G	H
D	G	L	A	V	F	E	K	M	M	P	G	Y	H
G	L	A	V	F	E	K	M	M	P	G	Y	V	H
L	A	V	F	E	K	M	M	P	G	Y	V	S	H
A	V	F	E	K	M	M	P	G	Y	V	S	V	H
V	F	E	K	M	M	P	G	Y	V	S	V	L	H
F	E	K	M	M	P	G	Y	V	S	V	L	E	H
E	K	M	M	P	G	Y	V	S	V	L	E	S	H
K	M	M	P	G	Y	V	S	V	L	E	S	N	H
M	M	P	G	Y	V	S	V	L	E	S	N	L	H
M	P	G	Y	V	S	V	L	E	S	N	L	T	H
P	G	Y	V	S	V	L	E	S	N	L	T	A	H
G	Y	V	S	V	L	E	S	N	L	T	A	Q	H
Y	V	S	V	L	E	S	N	L	T	A	Q	D	H
V	S	V	L	E	S	N	L	T	A	Q	D	K	H
S	V	L	E	S	N	L	T	A	Q	D	K	K	H
V	L	E	S	N	L	T	A	Q	D	K	K	G	H
L	E	S	N	L	T	A	Q	D	K	K	G	I	L
E	S	N	L	T	A	Q	D	K	K	G	I	V	L
S	N	L	T	A	Q	D	K	K	G	I	V	E	L
N	L	T	A	Q	D	K	K	G	I	V	E	E	H
L	T	A	Q	D	K	K	G	I	V	E	E	G	H
T	A	Q	D	K	K	G	I	V	E	E	G	H	H
A	Q	D	K	K	G	I	V	E	E	G	H	K	H
Q	D	K	K	G	I	V	E	E	G	H	K	I	H
D	K	K	G	I	V	E	E	G	H	K	I	K	H
K	K	G	I	V	E	E	G	H	K	I	K	G	H
K	G	I	V	E	E	G	H	K	I	K	G	A	H
G	I	V	E	E	G	H	K	I	K	G	A	A	H
I	V	E	E	G	H	K	I	K	G	A	A	G	H
V	E	E	G	H	K	I	K	G	A	A	G	S	H
E	E	G	H	K	I	K	G	A	A	G	S	V	H
E	G	H	K	I	K	G	A	A	G	S	V	G	H
G	H	K	I	K	G	A	A	G	S	V	G	L	H
H	K	I	K	G	A	A	G	S	V	G	L	R	H
K	I	K	G	A	A	G	S	V	G	L	R	H	H
I	K	G	A	A	G	S	V	G	L	R	H	L	H
K	G	A	A	G	S	V	G	L	R	H	L	Q	H
G	A	A	G	S	V	G	L	R	H	L	Q	Q	L
A	A	G	S	V	G	L	R	H	L	Q	Q	L	L
A	G	S	V	G	L	R	H	L	Q	Q	L	G	H
G	S	V	G	L	R	H	L	Q	Q	L	G	Q	H
S	V	G	L	R	H	L	Q	Q	L	G	Q	Q	H
V	G	L	R	H	L	Q	Q	L	G	Q	Q	I	H
G	L	R	H	L	Q	Q	L	G	Q	Q	I	Q	H
L	R	H	L	Q	Q	L	G	Q	Q	I	Q	S	H
R	H	L	Q	Q	L	G	Q	Q	I	Q	S	P	H
H	L	Q	Q	L	G	Q	Q	I	Q	S	P	D	H
L	Q	Q	L	G	Q	Q	I	Q	S	P	D	L	H
Q	Q	L	G	Q	Q	I	Q	S	P	D	L	P	H
Q	L	G	Q	Q	I	Q	S	P	D	L	P	A	L
L	G	Q	Q	I	Q	S	P	D	L	P	A	W	L
G	Q	Q	I	Q	S	P	D	L	P	A	W	E	L
Q	Q	I	Q	S	P	D	L	P	A	W	E	D	L
Q	I	Q	S	P	D	L	P	A	W	E	D	N	L
I	Q	S	P	D	L	P	A	W	E	D	N	V	L
Q	S	P	D	L	P	A	W	E	D	N	V	G	L
S	P	D	L	P	A	W	E	D	N	V	G	E	H
P	D	L	P	A	W	E	D	N	V	G	E	W	H
D	L	P	A	W	E	D	N	V	G	E	W	I	H
L	P	A	W	E	D	N	V	G	E	W	I	E	H
P	A	W	E	D	N	V	G	E	W	I	E	E	H
A	W	E	D	N	V	G	E	W	I	E	E	M	H
W	E	D	N	V	G	E	W	I	E	E	M	K	H
E	D	N	V	G	E	W	I	E	E	M	K	E	H
D	N	V	G	E	W	I	E	E	M	K	E	E	H
N	V	G	E	W	I	E	E	M	K	E	E	W	H
V	G	E	W	I	E	E	M	K	E	E	W	R	H
G	E	W	I	E	E	M	K	E	E	W	R	H	H
E	W	I	E	E	M	K	E	E	W	R	H	D	H
W	I	E	E	M	K	E	E	W	R	H	D	V	H
I	E	E	M	K	E	E	W	R	H	D	V	E	H
E	E	M	K	E	E	W	R	H	D	V	E	V	H
E	M	K	E	E	W	R	H	D	V	E	V	L	H
M	K	E	E	W	R	H	D	V	E	V	L	K	H
K	E	E	W	R	H	D	V	E	V	L	K	A	H
E	E	W	R	H	D	V	E	V	L	K	A	W	H
E	W	R	H	D	V	E	V	L	K	A	W	V	H
W	R	H	D	V	E	V	L	K	A	W	V	A	H
R	H	D	V	E	V	L	K	A	W	V	A	K	H
H	D	V	E	V	L	K	A	W	V	A	K	A	H
D	V	E	V	L	K	A	W	V	A	K	A	T	H
A	T	S	T	V	T	G	G	Y	A	Q	S	D	S
T	S	T	V	T	G	G	Y	A	Q	S	D	A	L
S	T	V	T	G	G	Y	A	Q	S	D	A	Q	L
T	V	T	G	G	Y	A	Q	S	D	A	Q	G	S
V	T	G	G	Y	A	Q	S	D	A	Q	G	Q	S
T	G	G	Y	A	Q	S	D	A	Q	G	Q	M	S
G	G	Y	A	Q	S	D	A	Q	G	Q	M	N	S
G	Y	A	Q	S	D	A	Q	G	Q	M	N	K	S
Y	A	Q	S	D	A	Q	G	Q	M	N	K	M	L
A	Q	S	D	A	Q	G	Q	M	N	K	M	G	L
Q	S	D	A	Q	G	Q	M	N	K	M	G	G	L
S	D	A	Q	G	Q	M	N	K	M	G	G	F	L
D	A	Q	G	Q	M	N	K	M	G	G	F	N	L
A	Q	G	Q	M	N	K	M	G	G	F	N	L	L
Q	G	Q	M	N	K	M	G	G	F	N	L	K	L
G	Q	M	N	K	M	G	G	F	N	L	K	Y	L
Q	M	N	K	M	G	G	F	N	L	K	Y	R	L
M	N	K	M	G	G	F	N	L	K	Y	R	Y	L
N	K	M	G	G	F	N	L	K	Y	R	Y	E	L
K	M	G	G	F	N	L	K	Y	R	Y	E	E	S
M	G	G	F	N	L	K	Y	R	Y	E	E	D	S
G	G	F	N	L	K	Y	R	Y	E	E	D	N	L
G	F	N	L	K	Y	R	Y	E	E	D	N	S	L
F	N	L	K	Y	R	Y	E	E	D	N	S	P	L
N	L	K	Y	R	Y	E	E	D	N	S	P	L	L
L	K	Y	R	Y	E	E	D	N	S	P	L	G	L
K	Y	R	Y	E	E	D	N	S	P	L	G	V	L
Y	R	Y	E	E	D	N	S	P	L	G	V	I	L
R	Y	E	E	D	N	S	P	L	G	V	I	G	L
Y	E	E	D	N	S	P	L	G	V	I	G	S	L
E	E	D	N	S	P	L	G	V	I	G	S	F	S
E	D	N	S	P	L	G	V	I	G	S	F	T	S
D	N	S	P	L	G	V	I	G	S	F	T	Y	S
N	S	P	L	G	V	I	G	S	F	T	Y	T	S
S	P	L	G	V	I	G	S	F	T	Y	T	E	S
P	L	G	V	I	G	S	F	T	Y	T	E	K	S
L	G	V	I	G	S	F	T	Y	T	E	K	S	S
G	V	I	G	S	F	T	Y	T	E	K	S	R	S
V	I	G	S	F	T	Y	T	E	K	S	R	T	S
I	G	S	F	T	Y	T	E	K	S	R	T	A	L
G	S	F	T	Y	T	E	K	S	R	T	A	S	L
S	F	T	Y	T	E	K	S	R	T	A	S	S	L
F	T	Y	T	E	K	S	R	T	A	S	S	G	L
T	Y	T	E	K	S	R	T	A	S	S	G	D	L
Y	T	E	K	S	R	T	A	S	S	G	D	Y	L
T	E	K	S	R	T	A	S	S	G	D	Y	N	L
E	K	S	R	T	A	S	S	G	D	Y	N	K	L
K	S	R	T	A	S	S	G	D	Y	N	K	N	L
S	R	T	A	S	S	G	D	Y	N	K	N	Q	L
R	T	A	S	S	G	D	Y	N	K	N	Q	Y	L
T	A	S	S	G	D	Y	N	K	N	Q	Y	Y	L
A	S	S	G	D	Y	N	K	N	Q	Y	Y	G	L
S	S	G	D	Y	N	K	N	Q	Y	Y	G	I	L
S	G	D	Y	N	K	N	Q	Y	Y	G	I	T	L
G	D	Y	N	K	N	Q	Y	Y	G	I	T	A	L
D	Y	N	K	N	Q	Y	Y	G	I	T	A	G	L
Y	N	K	N	Q	Y	Y	G	I	T	A	G	P	S
N	K	N	Q	Y	Y	G	I	T	A	G	P	A	S
K	N	Q	Y	Y	G	I	T	A	G	P	A	Y	S
N	Q	Y	Y	G	I	T	A	G	P	A	Y	R	S
Q	Y	Y	G	I	T	A	G	P	A	Y	R	I	S
Y	Y	G	I	T	A	G	P	A	Y	R	I	N	S
Y	G	I	T	A	G	P	A	Y	R	I	N	D	S
G	I	T	A	G	P	A	Y	R	I	N	D	W	S
I	T	A	G	P	A	Y	R	I	N	D	W	A	S
T	A	G	P	A	Y	R	I	N	D	W	A	S	L
A	G	P	A	Y	R	I	N	D	W	A	S	I	L
G	P	A	Y	R	I	N	D	W	A	S	I	Y	L
P	A	Y	R	I	N	D	W	A	S	I	Y	G	L
A	Y	R	I	N	D	W	A	S	I	Y	G	V	L
Y	R	I	N	D	W	A	S	I	Y	G	V	V	L
R	I	N	D	W	A	S	I	Y	G	V	V	G	S
I	N	D	W	A	S	I	Y	G	V	V	G	V	S
N	D	W	A	S	I	Y	G	V	V	G	V	G	S
D	W	A	S	I	Y	G	V	V	G	V	G	Y	S
W	A	S	I	Y	G	V	V	G	V	G	Y	G	S
A	S	I	Y	G	V	V	G	V	G	Y	G	K	S
S	I	Y	G	V	V	G	V	G	Y	G	K	F	S
I	Y	G	V	V	G	V	G	Y	G	K	F	Q	S
Y	G	V	V	G	V	G	Y	G	K	F	Q	T	S
G	V	V	G	V	G	Y	G	K	F	Q	T	T	S
V	V	G	V	G	Y	G	K	F	Q	T	T	E	L
V	G	V	G	Y	G	K	F	Q	T	T	E	Y	L
G	V	G	Y	G	K	F	Q	T	T	E	Y	P	L
V	G	Y	G	K	F	Q	T	T	E	Y	P	T	L
G	Y	G	K	F	Q	T	T	E	Y	P	T	Y	L
Y	G	K	F	Q	T	T	E	Y	P	T	Y	K	L
G	K	F	Q	T	T	E	Y	P	T	Y	K	N	L
K	F	Q	T	T	E	Y	P	T	Y	K	N	D	L
F	Q	T	T	E	Y	P	T	Y	K	N	D	T	L
Q	T	T	E	Y	P	T	Y	K	N	D	T	S	L
T	T	E	Y	P	T	Y	K	N	D	T	S	D	L
T	E	Y	P	T	Y	K	N	D	T	S	D	Y	L
E	Y	P	T	Y	K	N	D	T	S	D	Y	G	L
Y	P	T	Y	K	N	D	T	S	D	Y	G	F	L
P	T	Y	K	N	D	T	S	D	Y	G	F	S	L
T	Y	K	N	D	T	S	D	Y	G	F	S	Y	L
Y	K	N	D	T	S	D	Y	G	F	S	Y	G	L
K	N	D	T	S	D	Y	G	F	S	Y	G	A	S
N	D	T	S	D	Y	G	F	S	Y	G	A	G	S
D	T	S	D	Y	G	F	S	Y	G	A	G	L	L
T	S	D	Y	G	F	S	Y	G	A	G	L	Q	L
S	D	Y	G	F	S	Y	G	A	G	L	Q	F	S
D	Y	G	F	S	Y	G	A	G	L	Q	F	N	S
Y	G	F	S	Y	G	A	G	L	Q	F	N	P	S
G	F	S	Y	G	A	G	L	Q	F	N	P	M	S
F	S	Y	G	A	G	L	Q	F	N	P	M	E	S
S	Y	G	A	G	L	Q	F	N	P	M	E	N	S
Y	G	A	G	L	Q	F	N	P	M	E	N	V	L
G	A	G	L	Q	F	N	P	M	E	N	V	A	L
A	G	L	Q	F	N	P	M	E	N	V	A	L	L
G	L	Q	F	N	P	M	E	N	V	A	L	D	L
L	Q	F	N	P	M	E	N	V	A	L	D	F	L
Q	F	N	P	M	E	N	V	A	L	D	F	S	L
F	N	P	M	E	N	V	A	L	D	F	S	Y	L
N	P	M	E	N	V	A	L	D	F	S	Y	E	S
P	M	E	N	V	A	L	D	F	S	Y	E	Q	S
M	E	N	V	A	L	D	F	S	Y	E	Q	S	S
E	N	V	A	L	D	F	S	Y	E	Q	S	R	S
N	V	A	L	D	F	S	Y	E	Q	S	R	I	S
V	A	L	D	F	S	Y	E	Q	S	R	I	R	S
A	L	D	F	S	Y	E	Q	S	R	I	R	S	S
L	D	F	S	Y	E	Q	S	R	I	R	S	V	S
D	F	S	Y	E	Q	S	R	I	R	S	V	D	S
F	S	Y	E	Q	S	R	I	R	S	V	D	V	S
S	Y	E	Q	S	R	I	R	S	V	D	V	G	S
Y	E	Q	S	R	I	R	S	V	D	V	G	T	L
E	Q	S	R	I	R	S	V	D	V	G	T	W	L
Q	S	R	I	R	S	V	D	V	G	T	W	I	S
S	R	I	R	S	V	D	V	G	T	W	I	A	S
R	I	R	S	V	D	V	G	T	W	I	A	G	S
I	R	S	V	D	V	G	T	W	I	A	G	V	S
R	S	V	D	V	G	T	W	I	A	G	V	G	S
S	V	D	V	G	T	W	I	A	G	V	G	Y	S
V	D	V	G	T	W	I	A	G	V	G	Y	R	S
D	V	G	T	W	I	A	G	V	G	Y	R	F	S
A	V	R	G	S	I	I	A	N	M	L	Q	E	H
V	R	G	S	I	I	A	N	M	L	Q	E	A	H
R	G	S	I	I	A	N	M	L	Q	E	A	V	H
G	S	I	I	A	N	M	L	Q	E	A	V	R	H
S	I	I	A	N	M	L	Q	E	A	V	R	G	H
I	I	A	N	M	L	Q	E	A	V	R	G	S	H
I	A	N	M	L	Q	E	A	V	R	G	S	I	L
A	N	M	L	Q	E	A	V	R	G	S	I	I	L
N	M	L	Q	E	A	V	R	G	S	I	I	A	L
M	L	Q	E	A	V	R	G	S	I	I	A	N	L
L	Q	E	A	V	R	G	S	I	I	A	N	M	L
Q	E	A	V	R	G	S	I	I	A	N	M	L	H
E	A	V	R	G	S	I	I	A	N	M	L	Q	H
A	V	R	G	S	I	I	A	N	M	L	Q	E	H
V	R	G	S	I	I	A	N	M	L	Q	E	F	H
R	G	S	I	I	A	N	M	L	Q	E	F	T	H
G	S	I	I	A	N	M	L	Q	E	F	T	L	H
S	I	I	A	N	M	L	Q	E	F	T	L	Y	H
I	I	A	N	M	L	Q	E	F	T	L	Y	P	H
I	A	N	M	L	Q	E	F	T	L	Y	P	Y	L
A	N	M	L	Q	E	F	T	L	Y	P	Y	D	L
N	M	L	Q	E	F	T	L	Y	P	Y	D	T	L
M	L	Q	E	F	T	L	Y	P	Y	D	T	N	L
L	Q	E	F	T	L	Y	P	Y	D	T	N	Y	S
Q	E	F	T	L	Y	P	Y	D	T	N	Y	L	S
E	F	T	L	Y	P	Y	D	T	N	Y	L	I	L
F	T	L	Y	P	Y	D	T	N	Y	L	I	Y	L
T	L	Y	P	Y	D	T	N	Y	L	I	Y	T	L
L	Y	P	Y	D	T	N	Y	L	I	Y	T	Q	L
Y	P	Y	D	T	N	Y	L	I	Y	T	Q	T	S
P	Y	D	T	N	Y	L	I	Y	T	Q	T	S	S
Y	D	T	N	Y	L	I	Y	T	Q	T	S	D	S
D	T	N	Y	L	I	Y	T	Q	T	S	D	L	S
T	N	Y	L	I	Y	T	Q	T	S	D	L	N	S
N	Y	L	I	Y	T	Q	T	S	D	L	N	K	S
Y	L	I	Y	T	Q	T	S	D	L	N	K	E	S
L	I	Y	T	Q	T	S	D	L	N	K	E	A	L
I	Y	T	Q	T	S	D	L	N	K	E	A	I	L
Y	T	Q	T	S	D	L	N	K	E	A	I	A	L
T	Q	T	S	D	L	N	K	E	A	I	A	S	L
Q	T	S	D	L	N	K	E	A	I	A	S	Y	L
T	S	D	L	N	K	E	A	I	A	S	Y	D	L
S	D	L	N	K	E	A	I	A	S	Y	D	W	L
D	L	N	K	E	A	I	A	S	Y	D	W	A	L
L	N	K	E	A	I	A	S	Y	D	W	A	E	L
N	K	E	A	I	A	S	Y	D	W	A	E	N	L
K	E	A	I	A	S	Y	D	W	A	E	N	A	H
E	A	I	A	S	Y	D	W	A	E	N	A	R	H
A	I	A	S	Y	D	W	A	E	N	A	R	K	H
I	A	S	Y	D	W	A	E	N	A	R	K	D	H
A	S	Y	D	W	A	E	N	A	R	K	D	E	H
S	Y	D	W	A	E	N	A	R	K	D	E	V	H
Y	D	W	A	E	N	A	R	K	D	E	V	K	H
D	W	A	E	N	A	R	K	D	E	V	K	F	L
W	A	E	N	A	R	K	D	E	V	K	F	Q	L
A	E	N	A	R	K	D	E	V	K	F	Q	L	S
E	N	A	R	K	D	E	V	K	F	Q	L	S	S
N	A	R	K	D	E	V	K	F	Q	L	S	L	S
A	R	K	D	E	V	K	F	Q	L	S	L	A	S
R	K	D	E	V	K	F	Q	L	S	L	A	F	S
K	D	E	V	K	F	Q	L	S	L	A	F	P	S
D	E	V	K	F	Q	L	S	L	A	F	P	L	S
E	V	K	F	Q	L	S	L	A	F	P	L	W	S
V	K	F	Q	L	S	L	A	F	P	L	W	R	S
K	F	Q	L	S	L	A	F	P	L	W	R	G	S
F	Q	L	S	L	A	F	P	L	W	R	G	I	S
Q	L	S	L	A	F	P	L	W	R	G	I	L	S
L	S	L	A	F	P	L	W	R	G	I	L	G	S
S	L	A	F	P	L	W	R	G	I	L	G	P	S
L	A	F	P	L	W	R	G	I	L	G	P	N	S
A	F	P	L	W	R	G	I	L	G	P	N	S	L
F	P	L	W	R	G	I	L	G	P	N	S	V	L
P	L	W	R	G	I	L	G	P	N	S	V	L	L
L	W	R	G	I	L	G	P	N	S	V	L	G	L
W	R	G	I	L	G	P	N	S	V	L	G	A	L
R	G	I	L	G	P	N	S	V	L	G	A	S	L
G	I	L	G	P	N	S	V	L	G	A	S	Y	S
I	L	G	P	N	S	V	L	G	A	S	Y	T	S
L	G	P	N	S	V	L	G	A	S	Y	T	Q	S
G	P	N	S	V	L	G	A	S	Y	T	Q	K	S
P	N	S	V	L	G	A	S	Y	T	Q	K	S	S
N	S	V	L	G	A	S	Y	T	Q	K	S	W	S
S	V	L	G	A	S	Y	T	Q	K	S	W	W	S
V	L	G	A	S	Y	T	Q	K	S	W	W	Q	S
L	G	A	S	Y	T	Q	K	S	W	W	Q	L	S
G	A	S	Y	T	Q	K	S	W	W	Q	L	S	S
A	S	Y	T	Q	K	S	W	W	Q	L	S	N	S
S	Y	T	Q	K	S	W	W	Q	L	S	N	S	S
Y	T	Q	K	S	W	W	Q	L	S	N	S	E	S
T	Q	K	S	W	W	Q	L	S	N	S	E	E	L
Q	K	S	W	W	Q	L	S	N	S	E	E	S	L
K	S	W	W	Q	L	S	N	S	E	E	S	S	L
S	W	W	Q	L	S	N	S	E	E	S	S	P	H
W	W	Q	L	S	N	S	E	E	S	S	P	F	H
W	Q	L	S	N	S	E	E	S	S	P	F	R	H
Q	L	S	N	S	E	E	S	S	P	F	R	E	H
L	S	N	S	E	E	S	S	P	F	R	E	T	H
S	N	S	E	E	S	S	P	F	R	E	T	N	L
N	S	E	E	S	S	P	F	R	E	T	N	Y	L
S	E	E	S	S	P	F	R	E	T	N	Y	E	S
E	E	S	S	P	F	R	E	T	N	Y	E	P	S
E	S	S	P	F	R	E	T	N	Y	E	P	Q	S
S	S	P	F	R	E	T	N	Y	E	P	Q	L	S
S	P	F	R	E	T	N	Y	E	P	Q	L	F	S
P	F	R	E	T	N	Y	E	P	Q	L	F	L	S
F	R	E	T	N	Y	E	P	Q	L	F	L	G	S
R	E	T	N	Y	E	P	Q	L	F	L	G	F	S
E	T	N	Y	E	P	Q	L	F	L	G	F	A	S
T	N	Y	E	P	Q	L	F	L	G	F	A	T	S
N	Y	E	P	Q	L	F	L	G	F	A	T	D	S
Y	E	P	Q	L	F	L	G	F	A	T	D	Y	S
E	P	Q	L	F	L	G	F	A	T	D	Y	R	S
P	Q	L	F	L	G	F	A	T	D	Y	R	F	S
Q	L	F	L	G	F	A	T	D	Y	R	F	A	S
L	F	L	G	F	A	T	D	Y	R	F	A	G	S
F	L	G	F	A	T	D	Y	R	F	A	G	W	S
L	G	F	A	T	D	Y	R	F	A	G	W	T	S
G	F	A	T	D	Y	R	F	A	G	W	T	L	S
F	A	T	D	Y	R	F	A	G	W	T	L	R	S
A	T	D	Y	R	F	A	G	W	T	L	R	D	L
T	D	Y	R	F	A	G	W	T	L	R	D	V	L
D	Y	R	F	A	G	W	T	L	R	D	V	E	S
Y	R	F	A	G	W	T	L	R	D	V	E	M	S
R	F	A	G	W	T	L	R	D	V	E	M	G	S
F	A	G	W	T	L	R	D	V	E	M	G	Y	S
A	G	W	T	L	R	D	V	E	M	G	Y	N	S
G	W	T	L	R	D	V	E	M	G	Y	N	H	S
W	T	L	R	D	V	E	M	G	Y	N	H	D	S
T	L	R	D	V	E	M	G	Y	N	H	D	S	S
L	R	D	V	E	M	G	Y	N	H	D	S	N	S
R	D	V	E	M	G	Y	N	H	D	S	N	G	S
D	V	E	M	G	Y	N	H	D	S	N	G	R	S
V	E	M	G	Y	N	H	D	S	N	G	R	S	S
E	M	G	Y	N	H	D	S	N	G	R	S	D	S
M	G	Y	N	H	D	S	N	G	R	S	D	P	S
G	Y	N	H	D	S	N	G	R	S	D	P	T	L
Y	N	H	D	S	N	G	R	S	D	P	T	S	L
N	H	D	S	N	G	R	S	D	P	T	S	R	L
H	D	S	N	G	R	S	D	P	T	S	R	S	L
D	S	N	G	R	S	D	P	T	S	R	S	W	L
S	N	G	R	S	D	P	T	S	R	S	W	N	L
N	G	R	S	D	P	T	S	R	S	W	N	R	L
G	R	S	D	P	T	S	R	S	W	N	R	L	L
R	S	D	P	T	S	R	S	W	N	R	L	Y	L
S	D	P	T	S	R	S	W	N	R	L	Y	T	S
D	P	T	S	R	S	W	N	R	L	Y	T	R	S
P	T	S	R	S	W	N	R	L	Y	T	R	L	S
T	S	R	S	W	N	R	L	Y	T	R	L	M	S
S	R	S	W	N	R	L	Y	T	R	L	M	A	S
R	S	W	N	R	L	Y	T	R	L	M	A	E	S
S	W	N	R	L	Y	T	R	L	M	A	E	N	S
W	N	R	L	Y	T	R	L	M	A	E	N	G	S
N	R	L	Y	T	R	L	M	A	E	N	G	N	S
R	L	Y	T	R	L	M	A	E	N	G	N	W	S
L	Y	T	R	L	M	A	E	N	G	N	W	L	S
Y	T	R	L	M	A	E	N	G	N	W	L	V	S
T	R	L	M	A	E	N	G	N	W	L	V	E	S
R	L	M	A	E	N	G	N	W	L	V	E	V	L
L	M	A	E	N	G	N	W	L	V	E	V	K	L
M	A	E	N	G	N	W	L	V	E	V	K	P	S
A	E	N	G	N	W	L	V	E	V	K	P	W	S
E	N	G	N	W	L	V	E	V	K	P	W	Y	S
N	G	N	W	L	V	E	V	K	P	W	Y	V	S
G	N	W	L	V	E	V	K	P	W	Y	V	V	S
N	W	L	V	E	V	K	P	W	Y	V	V	G	S
W	L	V	E	V	K	P	W	Y	V	V	G	N	S
L	V	E	V	K	P	W	Y	V	V	G	N	T	S
V	E	V	K	P	W	Y	V	V	G	N	T	D	S
E	V	K	P	W	Y	V	V	G	N	T	D	D	S
V	K	P	W	Y	V	V	G	N	T	D	D	N	S
K	P	W	Y	V	V	G	N	T	D	D	N	P	L
P	W	Y	V	V	G	N	T	D	D	N	P	D	L
W	Y	V	V	G	N	T	D	D	N	P	D	I	L
Y	V	V	G	N	T	D	D	N	P	D	I	T	L
V	V	G	N	T	D	D	N	P	D	I	T	K	L
V	G	N	T	D	D	N	P	D	I	T	K	Y	L
G	N	T	D	D	N	P	D	I	T	K	Y	M	L
N	T	D	D	N	P	D	I	T	K	Y	M	G	H
T	D	D	N	P	D	I	T	K	Y	M	G	Y	H
D	D	N	P	D	I	T	K	Y	M	G	Y	Y	H
D	N	P	D	I	T	K	Y	M	G	Y	Y	Q	H
N	P	D	I	T	K	Y	M	G	Y	Y	Q	L	H
P	D	I	T	K	Y	M	G	Y	Y	Q	L	K	H
D	I	T	K	Y	M	G	Y	Y	Q	L	K	I	H
I	T	K	Y	M	G	Y	Y	Q	L	K	I	G	L
T	K	Y	M	G	Y	Y	Q	L	K	I	G	Y	S
K	Y	M	G	Y	Y	Q	L	K	I	G	Y	H	S
Y	M	G	Y	Y	Q	L	K	I	G	Y	H	L	S
M	G	Y	Y	Q	L	K	I	G	Y	H	L	G	S
G	Y	Y	Q	L	K	I	G	Y	H	L	G	D	S
Y	Y	Q	L	K	I	G	Y	H	L	G	D	A	S
Y	Q	L	K	I	G	Y	H	L	G	D	A	V	S
Q	L	K	I	G	Y	H	L	G	D	A	V	L	S
L	K	I	G	Y	H	L	G	D	A	V	L	S	S
K	I	G	Y	H	L	G	D	A	V	L	S	A	L
I	G	Y	H	L	G	D	A	V	L	S	A	K	L
G	Y	H	L	G	D	A	V	L	S	A	K	G	S
Y	H	L	G	D	A	V	L	S	A	K	G	Q	S
H	L	G	D	A	V	L	S	A	K	G	Q	Y	S
L	G	D	A	V	L	S	A	K	G	Q	Y	N	S
G	D	A	V	L	S	A	K	G	Q	Y	N	W	S
D	A	V	L	S	A	K	G	Q	Y	N	W	N	S
A	V	L	S	A	K	G	Q	Y	N	W	N	T	S
V	L	S	A	K	G	Q	Y	N	W	N	T	G	S
L	S	A	K	G	Q	Y	N	W	N	T	G	Y	S
S	A	K	G	Q	Y	N	W	N	T	G	Y	G	L
A	K	G	Q	Y	N	W	N	T	G	Y	G	G	L
K	G	Q	Y	N	W	N	T	G	Y	G	G	A	L
G	Q	Y	N	W	N	T	G	Y	G	G	A	E	L
Q	Y	N	W	N	T	G	Y	G	G	A	E	L	L
Y	N	W	N	T	G	Y	G	G	A	E	L	G	L
N	W	N	T	G	Y	G	G	A	E	L	G	L	S
W	N	T	G	Y	G	G	A	E	L	G	L	S	S
N	T	G	Y	G	G	A	E	L	G	L	S	Y	S
T	G	Y	G	G	A	E	L	G	L	S	Y	P	S
G	Y	G	G	A	E	L	G	L	S	Y	P	I	S
Y	G	G	A	E	L	G	L	S	Y	P	I	T	S
G	G	A	E	L	G	L	S	Y	P	I	T	K	S
G	A	E	L	G	L	S	Y	P	I	T	K	H	S
A	E	L	G	L	S	Y	P	I	T	K	H	V	S
E	L	G	L	S	Y	P	I	T	K	H	V	R	S
L	G	L	S	Y	P	I	T	K	H	V	R	L	S
G	L	S	Y	P	I	T	K	H	V	R	L	Y	S
L	S	Y	P	I	T	K	H	V	R	L	Y	T	L
S	Y	P	I	T	K	H	V	R	L	Y	T	Q	L
Y	P	I	T	K	H	V	R	L	Y	T	Q	V	S
P	I	T	K	H	V	R	L	Y	T	Q	V	Y	S
I	T	K	H	V	R	L	Y	T	Q	V	Y	S	S
T	K	H	V	R	L	Y	T	Q	V	Y	S	G	S
K	H	V	R	L	Y	T	Q	V	Y	S	G	Y	S
H	V	R	L	Y	T	Q	V	Y	S	G	Y	G	S
V	R	L	Y	T	Q	V	Y	S	G	Y	G	E	S
R	L	Y	T	Q	V	Y	S	G	Y	G	E	S	S
L	Y	T	Q	V	Y	S	G	Y	G	E	S	L	S
Y	T	Q	V	Y	S	G	Y	G	E	S	L	I	S
T	Q	V	Y	S	G	Y	G	E	S	L	I	D	S
Q	V	Y	S	G	Y	G	E	S	L	I	D	Y	L
V	Y	S	G	Y	G	E	S	L	I	D	Y	N	L
Y	S	G	Y	G	E	S	L	I	D	Y	N	F	H
S	G	Y	G	E	S	L	I	D	Y	N	F	N	H
G	Y	G	E	S	L	I	D	Y	N	F	N	Q	H
Y	G	E	S	L	I	D	Y	N	F	N	Q	T	H
G	E	S	L	I	D	Y	N	F	N	Q	T	R	H
E	S	L	I	D	Y	N	F	N	Q	T	R	V	L
S	L	I	D	Y	N	F	N	Q	T	R	V	G	L
L	I	D	Y	N	F	N	Q	T	R	V	G	V	S
I	D	Y	N	F	N	Q	T	R	V	G	V	G	S
D	Y	N	F	N	Q	T	R	V	G	V	G	V	S
Y	N	F	N	Q	T	R	V	G	V	G	V	M	S
N	F	N	Q	T	R	V	G	V	G	V	M	L	S
F	N	Q	T	R	V	G	V	G	V	M	L	N	S
N	Q	T	R	V	G	V	G	V	M	L	N	D	S
Q	T	R	V	G	V	G	V	M	L	N	D	L	S
T	R	V	G	V	G	V	M	L	N	D	L	F	S
R	V	G	V	G	V	M	L	N	D	L	F	T	S
V	G	V	G	V	M	L	N	D	L	F	T	L	L
G	V	G	V	M	L	N	D	L	F	T	L	Y	L
V	G	V	M	L	N	D	L	F	T	L	Y	P	L
G	V	M	L	N	D	L	F	T	L	Y	P	Y	L
V	M	L	N	D	L	F	T	L	Y	P	Y	D	L
M	L	N	D	L	F	T	L	Y	P	Y	D	T	L
L	N	D	L	F	T	L	Y	P	Y	D	T	N	L
N	D	L	F	T	L	Y	P	Y	D	T	N	Y	S
D	L	F	T	L	Y	P	Y	D	T	N	Y	L	S
L	F	T	L	Y	P	Y	D	T	N	Y	L	I	L
F	T	L	Y	P	Y	D	T	N	Y	L	I	Y	L
T	L	Y	P	Y	D	T	N	Y	L	I	Y	T	L
L	Y	P	Y	D	T	N	Y	L	I	Y	T	Q	L
Y	P	Y	D	T	N	Y	L	I	Y	T	Q	T	S
P	Y	D	T	N	Y	L	I	Y	T	Q	T	S	S
Y	D	T	N	Y	L	I	Y	T	Q	T	S	D	S
D	T	N	Y	L	I	Y	T	Q	T	S	D	L	S
T	N	Y	L	I	Y	T	Q	T	S	D	L	N	S
N	Y	L	I	Y	T	Q	T	S	D	L	N	K	S
Y	L	I	Y	T	Q	T	S	D	L	N	K	E	S
L	I	Y	T	Q	T	S	D	L	N	K	E	A	L
I	Y	T	Q	T	S	D	L	N	K	E	A	I	L
Y	T	Q	T	S	D	L	N	K	E	A	I	A	L
T	Q	T	S	D	L	N	K	E	A	I	A	S	L
Q	T	S	D	L	N	K	E	A	I	A	S	Y	L
T	S	D	L	N	K	E	A	I	A	S	Y	D	L
S	D	L	N	K	E	A	I	A	S	Y	D	W	L
D	L	N	K	E	A	I	A	S	Y	D	W	A	L
L	N	K	E	A	I	A	S	Y	D	W	A	E	L
N	K	E	A	I	A	S	Y	D	W	A	E	N	L
K	E	A	I	A	S	Y	D	W	A	E	N	A	H
E	A	I	A	S	Y	D	W	A	E	N	A	R	H
A	I	A	S	Y	D	W	A	E	N	A	R	K	H
I	A	S	Y	D	W	A	E	N	A	R	K	D	H
A	S	Y	D	W	A	E	N	A	R	K	D	E	H
S	Y	D	W	A	E	N	A	R	K	D	E	V	H
Y	D	W	A	E	N	A	R	K	D	E	V	K	H
D	W	A	E	N	A	R	K	D	E	V	K	F	L
W	A	E	N	A	R	K	D	E	V	K	F	Q	L
A	E	N	A	R	K	D	E	V	K	F	Q	L	S
E	N	A	R	K	D	E	V	K	F	Q	L	S	S
N	A	R	K	D	E	V	K	F	Q	L	S	L	S
A	R	K	D	E	V	K	F	Q	L	S	L	A	S
R	K	D	E	V	K	F	Q	L	S	L	A	F	S
K	D	E	V	K	F	Q	L	S	L	A	F	P	S
D	E	V	K	F	Q	L	S	L	A	F	P	L	S
E	V	K	F	Q	L	S	L	A	F	P	L	W	S
V	K	F	Q	L	S	L	A	F	P	L	W	R	S
K	F	Q	L	S	L	A	F	P	L	W	R	G	S
F	Q	L	S	L	A	F	P	L	W	R	G	I	S
Q	L	S	L	A	F	P	L	W	R	G	I	L	S
L	S	L	A	F	P	L	W	R	G	I	L	G	S
S	L	A	F	P	L	W	R	G	I	L	G	P	S
L	A	F	P	L	W	R	G	I	L	G	P	N	S
A	F	P	L	W	R	G	I	L	G	P	N	S	L
F	P	L	W	R	G	I	L	G	P	N	S	V	L
P	L	W	R	G	I	L	G	P	N	S	V	L	L
L	W	R	G	I	L	G	P	N	S	V	L	G	L
W	R	G	I	L	G	P	N	S	V	L	G	A	L
R	G	I	L	G	P	N	S	V	L	G	A	S	L
G	I	L	G	P	N	S	V	L	G	A	S	Y	S
I	L	G	P	N	S	V	L	G	A	S	Y	T	S
L	G	P	N	S	V	L	G	A	S	Y	T	Q	S
G	P	N	S	V	L	G	A	S	Y	T	Q	K	S
P	N	S	V	L	G	A	S	Y	T	Q	K	S	S
N	S	V	L	G	A	S	Y	T	Q	K	S	W	S
S	V	L	G	A	S	Y	T	Q	K	S	W	W	S
V	L	G	A	S	Y	T	Q	K	S	W	W	Q	S
L	G	A	S	Y	T	Q	K	S	W	W	Q	L	S
G	A	S	Y	T	Q	K	S	W	W	Q	L	S	S
A	S	Y	T	Q	K	S	W	W	Q	L	S	N	S
S	Y	T	Q	K	S	W	W	Q	L	S	N	S	S
Y	T	Q	K	S	W	W	Q	L	S	N	S	E	S
T	Q	K	S	W	W	Q	L	S	N	S	E	E	L
Q	K	S	W	W	Q	L	S	N	S	E	E	S	L
K	S	W	W	Q	L	S	N	S	E	E	S	S	L
S	W	W	Q	L	S	N	S	E	E	S	S	P	H
W	W	Q	L	S	N	S	E	E	S	S	P	F	H
W	Q	L	S	N	S	E	E	S	S	P	F	R	H
Q	L	S	N	S	E	E	S	S	P	F	R	E	H
L	S	N	S	E	E	S	S	P	F	R	E	T	H
S	N	S	E	E	S	S	P	F	R	E	T	N	L
N	S	E	E	S	S	P	F	R	E	T	N	Y	L
S	E	E	S	S	P	F	R	E	T	N	Y	E	S
E	E	S	S	P	F	R	E	T	N	Y	E	P	S
E	S	S	P	F	R	E	T	N	Y	E	P	Q	S
S	S	P	F	R	E	T	N	Y	E	P	Q	L	S
S	P	F	R	E	T	N	Y	E	P	Q	L	F	S
P	F	R	E	T	N	Y	E	P	Q	L	F	L	S
F	R	E	T	N	Y	E	P	Q	L	F	L	G	S
R	E	T	N	Y	E	P	Q	L	F	L	G	F	S
E	T	N	Y	E	P	Q	L	F	L	G	F	A	S
T	N	Y	E	P	Q	L	F	L	G	F	A	T	S
N	Y	E	P	Q	L	F	L	G	F	A	T	D	S
Y	E	P	Q	L	F	L	G	F	A	T	D	Y	S
E	P	Q	L	F	L	G	F	A	T	D	Y	R	S
P	Q	L	F	L	G	F	A	T	D	Y	R	F	S
Q	L	F	L	G	F	A	T	D	Y	R	F	A	S
L	F	L	G	F	A	T	D	Y	R	F	A	G	S
F	L	G	F	A	T	D	Y	R	F	A	G	W	S
L	G	F	A	T	D	Y	R	F	A	G	W	T	S
G	F	A	T	D	Y	R	F	A	G	W	T	L	S
F	A	T	D	Y	R	F	A	G	W	T	L	R	S
A	T	D	Y	R	F	A	G	W	T	L	R	D	L
T	D	Y	R	F	A	G	W	T	L	R	D	V	L
D	Y	R	F	A	G	W	T	L	R	D	V	E	S
Y	R	F	A	G	W	T	L	R	D	V	E	M	S
R	F	A	G	W	T	L	R	D	V	E	M	G	S
F	A	G	W	T	L	R	D	V	E	M	G	Y	S
A	G	W	T	L	R	D	V	E	M	G	Y	N	S
G	W	T	L	R	D	V	E	M	G	Y	N	H	S
W	T	L	R	D	V	E	M	G	Y	N	H	D	S
T	L	R	D	V	E	M	G	Y	N	H	D	S	S
L	R	D	V	E	M	G	Y	N	H	D	S	N	S
R	D	V	E	M	G	Y	N	H	D	S	N	G	S
D	V	E	M	G	Y	N	H	D	S	N	G	R	S
V	E	M	G	Y	N	H	D	S	N	G	R	S	S
E	M	G	Y	N	H	D	S	N	G	R	S	D	S
M	G	Y	N	H	D	S	N	G	R	S	D	P	S
G	Y	N	H	D	S	N	G	R	S	D	P	T	L
Y	N	H	D	S	N	G	R	S	D	P	T	S	L
N	H	D	S	N	G	R	S	D	P	T	S	R	L
H	D	S	N	G	R	S	D	P	T	S	R	S	L
D	S	N	G	R	S	D	P	T	S	R	S	W	L
S	N	G	R	S	D	P	T	S	R	S	W	N	L
N	G	R	S	D	P	T	S	R	S	W	N	R	L
G	R	S	D	P	T	S	R	S	W	N	R	L	L
R	S	D	P	T	S	R	S	W	N	R	L	Y	L
S	D	P	T	S	R	S	W	N	R	L	Y	T	S
D	P	T	S	R	S	W	N	R	L	Y	T	R	S
P	T	S	R	S	W	N	R	L	Y	T	R	L	S
T	S	R	S	W	N	R	L	Y	T	R	L	M	S
S	R	S	W	N	R	L	Y	T	R	L	M	A	S
R	S	W	N	R	L	Y	T	R	L	M	A	E	S
S	W	N	R	L	Y	T	R	L	M	A	E	N	S
W	N	R	L	Y	T	R	L	M	A	E	N	G	S
N	R	L	Y	T	R	L	M	A	E	N	G	N	S
R	L	Y	T	R	L	M	A	E	N	G	N	W	S
L	Y	T	R	L	M	A	E	N	G	N	W	L	S
Y	T	R	L	M	A	E	N	G	N	W	L	V	S
T	R	L	M	A	E	N	G	N	W	L	V	E	S
R	L	M	A	E	N	G	N	W	L	V	E	V	L
L	M	A	E	N	G	N	W	L	V	E	V	K	L
M	A	E	N	G	N	W	L	V	E	V	K	P	S
A	E	N	G	N	W	L	V	E	V	K	P	W	S
E	N	G	N	W	L	V	E	V	K	P	W	Y	S
N	G	N	W	L	V	E	V	K	P	W	Y	V	S
G	N	W	L	V	E	V	K	P	W	Y	V	V	S
N	W	L	V	E	V	K	P	W	Y	V	V	G	S
W	L	V	E	V	K	P	W	Y	V	V	G	N	S
L	V	E	V	K	P	W	Y	V	V	G	N	T	S
V	E	V	K	P	W	Y	V	V	G	N	T	D	S
E	V	K	P	W	Y	V	V	G	N	T	D	D	S
V	K	P	W	Y	V	V	G	N	T	D	D	N	S
K	P	W	Y	V	V	G	N	T	D	D	N	P	L
P	W	Y	V	V	G	N	T	D	D	N	P	D	L
W	Y	V	V	G	N	T	D	D	N	P	D	I	L
Y	V	V	G	N	T	D	D	N	P	D	I	T	L
V	V	G	N	T	D	D	N	P	D	I	T	K	L
V	G	N	T	D	D	N	P	D	I	T	K	Y	L
G	N	T	D	D	N	P	D	I	T	K	Y	M	L
N	T	D	D	N	P	D	I	T	K	Y	M	G	H
T	D	D	N	P	D	I	T	K	Y	M	G	Y	H
D	D	N	P	D	I	T	K	Y	M	G	Y	Y	H
D	N	P	D	I	T	K	Y	M	G	Y	Y	Q	H
N	P	D	I	T	K	Y	M	G	Y	Y	Q	L	H
P	D	I	T	K	Y	M	G	Y	Y	Q	L	K	H
D	I	T	K	Y	M	G	Y	Y	Q	L	K	I	H
I	T	K	Y	M	G	Y	Y	Q	L	K	I	G	L
T	K	Y	M	G	Y	Y	Q	L	K	I	G	Y	S
K	Y	M	G	Y	Y	Q	L	K	I	G	Y	H	S
Y	M	G	Y	Y	Q	L	K	I	G	Y	H	L	S
M	G	Y	Y	Q	L	K	I	G	Y	H	L	G	S
G	Y	Y	Q	L	K	I	G	Y	H	L	G	D	S
Y	Y	Q	L	K	I	G	Y	H	L	G	D	A	S
Y	Q	L	K	I	G	Y	H	L	G	D	A	V	S
Q	L	K	I	G	Y	H	L	G	D	A	V	L	S
L	K	I	G	Y	H	L	G	D	A	V	L	S	S
K	I	G	Y	H	L	G	D	A	V	L	S	A	L
I	G	Y	H	L	G	D	A	V	L	S	A	K	L
G	Y	H	L	G	D	A	V	L	S	A	K	G	S
Y	H	L	G	D	A	V	L	S	A	K	G	Q	S
H	L	G	D	A	V	L	S	A	K	G	Q	Y	S
L	G	D	A	V	L	S	A	K	G	Q	Y	N	S
G	D	A	V	L	S	A	K	G	Q	Y	N	W	S
D	A	V	L	S	A	K	G	Q	Y	N	W	N	S
A	V	L	S	A	K	G	Q	Y	N	W	N	T	S
V	L	S	A	K	G	Q	Y	N	W	N	T	G	S
L	S	A	K	G	Q	Y	N	W	N	T	G	Y	S
S	A	K	G	Q	Y	N	W	N	T	G	Y	G	L
A	K	G	Q	Y	N	W	N	T	G	Y	G	G	L
K	G	Q	Y	N	W	N	T	G	Y	G	G	A	L
G	Q	Y	N	W	N	T	G	Y	G	G	A	E	L
Q	Y	N	W	N	T	G	Y	G	G	A	E	L	L
Y	N	W	N	T	G	Y	G	G	A	E	L	G	L
N	W	N	T	G	Y	G	G	A	E	L	G	L	S
W	N	T	G	Y	G	G	A	E	L	G	L	S	S
N	T	G	Y	G	G	A	E	L	G	L	S	Y	S
T	G	Y	G	G	A	E	L	G	L	S	Y	P	S
G	Y	G	G	A	E	L	G	L	S	Y	P	I	S
Y	G	G	A	E	L	G	L	S	Y	P	I	T	S
G	G	A	E	L	G	L	S	Y	P	I	T	K	S
G	A	E	L	G	L	S	Y	P	I	T	K	H	S
A	E	L	G	L	S	Y	P	I	T	K	H	V	S
E	L	G	L	S	Y	P	I	T	K	H	V	R	S
L	G	L	S	Y	P	I	T	K	H	V	R	L	L
G	L	S	Y	P	I	T	K	H	V	R	L	Y	L
L	S	Y	P	I	T	K	H	V	R	L	Y	T	L
S	Y	P	I	T	K	H	V	R	L	Y	T	Q	L
Y	P	I	T	K	H	V	R	L	Y	T	Q	V	L
P	I	T	K	H	V	R	L	Y	T	Q	V	Y	S
I	T	K	H	V	R	L	Y	T	Q	V	Y	S	S
T	K	H	V	R	L	Y	T	Q	V	Y	S	G	S
K	H	V	R	L	Y	T	Q	V	Y	S	G	Y	S
H	V	R	L	Y	T	Q	V	Y	S	G	Y	G	S
V	R	L	Y	T	Q	V	Y	S	G	Y	G	E	S
R	L	Y	T	Q	V	Y	S	G	Y	G	E	S	S
L	Y	T	Q	V	Y	S	G	Y	G	E	S	L	S
Y	T	Q	V	Y	S	G	Y	G	E	S	L	I	S
T	Q	V	Y	S	G	Y	G	E	S	L	I	D	S
Q	V	Y	S	G	Y	G	E	S	L	I	D	Y	L
V	Y	S	G	Y	G	E	S	L	I	D	Y	N	L
Y	S	G	Y	G	E	S	L	I	D	Y	N	F	H
S	G	Y	G	E	S	L	I	D	Y	N	F	N	H
G	Y	G	E	S	L	I	D	Y	N	F	N	Q	H
Y	G	E	S	L	I	D	Y	N	F	N	Q	T	H
G	E	S	L	I	D	Y	N	F	N	Q	T	R	H
E	S	L	I	D	Y	N	F	N	Q	T	R	V	L
S	L	I	D	Y	N	F	N	Q	T	R	V	G	L
L	I	D	Y	N	F	N	Q	T	R	V	G	V	S
I	D	Y	N	F	N	Q	T	R	V	G	V	G	S
D	Y	N	F	N	Q	T	R	V	G	V	G	V	S
Y	N	F	N	Q	T	R	V	G	V	G	V	M	S
N	F	N	Q	T	R	V	G	V	G	V	M	L	S
F	N	Q	T	R	V	G	V	G	V	M	L	N	S
N	Q	T	R	V	G	V	G	V	M	L	N	D	S
Q	T	R	V	G	V	G	V	M	L	N	D	L	S
T	R	V	G	V	G	V	M	L	N	D	L	F	S